outcome,match,(Intercept),MR,mental_age,MR:mental_age
X1_verbalni_pamet_a_uceni_pok1,DO,1.34 (1.22),4.42 (1.65),0.49 (0.15),-0.70 (0.20)
X1_verbalni_pamet_a_uceni_pok1,VE,6.22 (2.20),-4.46 (3.12),-0.13 (0.25),0.39 (0.36)
X1_verbalni_pamet_a_uceni_pok1,KOD,3.06 (1.05),-0.38 (1.38),0.31 (0.12),-0.13 (0.17)
X1_verbalni_pamet_a_uceni_pok1,PO,4.39 (1.29),-2.18 (1.79),0.07 (0.15),0.14 (0.21)
X1_verbalni_pamet_a_uceni_pok1,ŘO,4.20 (0.82),-0.54 (1.09),0.12 (0.09),-0.07 (0.12)
X1_verbalni_pamet_a_uceni_pok1,POČ,0.89 (1.77),-1.45 (2.38),0.53 (0.23),0.06 (0.30)
X1_verbalni_pamet_a_uceni_pok1,KOS,0.44 (1.60),3.62 (1.92),0.66 (0.21),-0.66 (0.25)
X1_verbalni_pamet_a_uceni_pok1,SLO,2.80 (1.67),0.34 (2.35),0.31 (0.21),-0.19 (0.29)
X1_verbalni_pamet_a_uceni_pok1,POR,0.11 (1.24),2.73 (1.65),0.72 (0.15),-0.56 (0.20)
X1_verbalni_pamet_a_uceni_pok2,DO,3.48 (1.87),4.92 (2.53),0.50 (0.22),-0.77 (0.30)
X1_verbalni_pamet_a_uceni_pok2,VE,4.50 (2.91),-3.77 (4.12),0.38 (0.34),0.25 (0.48)
X1_verbalni_pamet_a_uceni_pok2,KOD,4.01 (1.39),-0.13 (1.82),0.45 (0.17),-0.15 (0.22)
X1_verbalni_pamet_a_uceni_pok2,PO,7.46 (1.85),-3.77 (2.56),0.01 (0.22),0.29 (0.30)
X1_verbalni_pamet_a_uceni_pok2,ŘO,5.37 (1.25),-0.77 (1.65),0.26 (0.13),-0.08 (0.18)
X1_verbalni_pamet_a_uceni_pok2,POČ,3.65 (2.63),-3.78 (3.53),0.46 (0.34),0.37 (0.45)
X1_verbalni_pamet_a_uceni_pok2,KOS,3.21 (2.10),4.37 (2.53),0.52 (0.27),-0.72 (0.33)
X1_verbalni_pamet_a_uceni_pok2,SLO,2.98 (2.44),1.47 (3.45),0.57 (0.30),-0.35 (0.43)
X1_verbalni_pamet_a_uceni_pok2,POR,2.63 (1.62),2.07 (2.16),0.68 (0.20),-0.49 (0.26)
X1_verbalni_pamet_a_uceni_pok3,DO,4.84 (1.99),4.71 (2.69),0.50 (0.24),-0.75 (0.32)
X1_verbalni_pamet_a_uceni_pok3,VE,4.15 (3.77),-3.48 (5.36),0.56 (0.44),0.24 (0.62)
X1_verbalni_pamet_a_uceni_pok3,KOD,3.50 (1.62),1.87 (2.12),0.61 (0.19),-0.33 (0.25)
X1_verbalni_pamet_a_uceni_pok3,PO,5.15 (2.38),-3.95 (3.30),0.47 (0.28),0.28 (0.38)
X1_verbalni_pamet_a_uceni_pok3,ŘO,5.25 (1.53),1.46 (2.02),0.40 (0.16),-0.30 (0.22)
X1_verbalni_pamet_a_uceni_pok3,POČ,2.66 (3.22),-1.24 (4.33),0.70 (0.41),0.09 (0.55)
X1_verbalni_pamet_a_uceni_pok3,KOS,2.51 (2.62),5.81 (3.15),0.73 (0.34),-0.84 (0.41)
X1_verbalni_pamet_a_uceni_pok3,SLO,3.72 (3.16),1.80 (4.45),0.59 (0.39),-0.34 (0.55)
X1_verbalni_pamet_a_uceni_pok3,POR,4.34 (2.09),1.35 (2.78),0.59 (0.25),-0.35 (0.34)
X1_verbalni_pamet_a_uceni_pok4,DO,3.85 (2.15),6.98 (2.91),0.71 (0.26),-1.01 (0.35)
X1_verbalni_pamet_a_uceni_pok4,VE,5.08 (3.70),-3.63 (5.25),0.59 (0.43),0.22 (0.61)
X1_verbalni_pamet_a_uceni_pok4,KOD,5.64 (1.80),-0.29 (2.35),0.41 (0.21),-0.01 (0.28)
X1_verbalni_pamet_a_uceni_pok4,PO,3.44 (2.46),0.37 (3.41),0.79 (0.29),-0.25 (0.40)
X1_verbalni_pamet_a_uceni_pok4,ŘO,5.99 (1.56),0.56 (2.07),0.42 (0.17),-0.21 (0.22)
X1_verbalni_pamet_a_uceni_pok4,POČ,0.33 (3.65),0.14 (4.90),1.09 (0.47),-0.05 (0.63)
X1_verbalni_pamet_a_uceni_pok4,KOS,7.01 (2.98),-0.34 (3.59),0.22 (0.39),0.02 (0.47)
X1_verbalni_pamet_a_uceni_pok4,SLO,4.15 (3.14),2.78 (4.43),0.64 (0.39),-0.45 (0.55)
X1_verbalni_pamet_a_uceni_pok4,POR,6.05 (2.28),1.82 (3.05),0.40 (0.28),-0.33 (0.37)
X1_verbalni_pamet_a_uceni_pok_1.4,DO,13.50 (6.23),21.02 (8.42),2.20 (0.75),-3.24 (1.01)
X1_verbalni_pamet_a_uceni_pok_1.4,VE,19.95 (10.56),-15.35 (14.99),1.41 (1.22),1.11 (1.73)
X1_verbalni_pamet_a_uceni_pok_1.4,KOD,16.21 (4.57),1.06 (5.97),1.77 (0.54),-0.62 (0.72)
X1_verbalni_pamet_a_uceni_pok_1.4,PO,20.44 (6.57),-9.53 (9.09),1.35 (0.76),0.46 (1.06)
X1_verbalni_pamet_a_uceni_pok_1.4,ŘO,20.81 (4.11),0.70 (5.45),1.20 (0.44),-0.67 (0.58)
X1_verbalni_pamet_a_uceni_pok_1.4,POČ,7.53 (9.16),-6.33 (12.29),2.78 (1.17),0.47 (1.58)
X1_verbalni_pamet_a_uceni_pok_1.4,KOS,13.17 (7.48),13.45 (9.02),2.13 (0.97),-2.20 (1.18)
X1_verbalni_pamet_a_uceni_pok_1.4,SLO,13.65 (8.82),6.38 (12.44),2.11 (1.09),-1.34 (1.55)
X1_verbalni_pamet_a_uceni_pok_1.4,POR,13.13 (5.91),7.98 (7.88),2.38 (0.72),-1.74 (0.96)
X1_verbalni_pamet_a_uceni_opak_1.4,DO,3.24 (1.61),-0.67 (2.17),-0.16 (0.19),0.05 (0.26)
X1_verbalni_pamet_a_uceni_opak_1.4,VE,0.77 (2.49),-4.19 (3.53),0.10 (0.29),0.50 (0.41)
X1_verbalni_pamet_a_uceni_opak_1.4,KOD,2.61 (1.56),-3.44 (2.04),-0.02 (0.19),0.35 (0.25)
X1_verbalni_pamet_a_uceni_opak_1.4,PO,5.72 (2.14),-4.64 (2.96),-0.38 (0.25),0.46 (0.34)
X1_verbalni_pamet_a_uceni_opak_1.4,ŘO,2.76 (1.31),-2.15 (1.73),-0.06 (0.14),0.18 (0.19)
X1_verbalni_pamet_a_uceni_opak_1.4,POČ,5.26 (2.78),-8.88 (3.73),-0.37 (0.36),1.07 (0.48)
X1_verbalni_pamet_a_uceni_opak_1.4,KOS,4.59 (2.33),-2.35 (2.81),-0.28 (0.30),0.21 (0.37)
X1_verbalni_pamet_a_uceni_opak_1.4,SLO,3.51 (2.05),0.53 (2.89),-0.19 (0.25),-0.10 (0.36)
X1_verbalni_pamet_a_uceni_opak_1.4,POR,1.36 (1.96),0.12 (2.61),0.15 (0.24),-0.12 (0.32)
X1_verbalni_pamet_a_uceni_konfab_1.4,DO,1.99 (1.14),-1.56 (1.53),-0.14 (0.14),0.20 (0.18)
X1_verbalni_pamet_a_uceni_konfab_1.4,VE,1.92 (1.90),-2.11 (2.70),-0.12 (0.22),0.25 (0.31)
X1_verbalni_pamet_a_uceni_konfab_1.4,KOD,1.58 (0.86),-1.23 (1.12),-0.08 (0.10),0.15 (0.13)
X1_verbalni_pamet_a_uceni_konfab_1.4,PO,0.83 (1.73),-1.50 (2.40),0.06 (0.20),0.12 (0.28)
X1_verbalni_pamet_a_uceni_konfab_1.4,ŘO,0.68 (1.00),0.36 (1.32),0.06 (0.11),-0.07 (0.14)
X1_verbalni_pamet_a_uceni_konfab_1.4,POČ,3.36 (2.06),-3.87 (2.76),-0.25 (0.26),0.44 (0.35)
X1_verbalni_pamet_a_uceni_konfab_1.4,KOS,1.01 (1.48),-0.48 (1.79),0.00 (0.19),0.05 (0.23)
X1_verbalni_pamet_a_uceni_konfab_1.4,SLO,1.20 (1.50),-1.81 (2.11),-0.02 (0.19),0.21 (0.26)
X1_verbalni_pamet_a_uceni_konfab_1.4,POR,1.14 (1.12),-0.46 (1.49),0.00 (0.14),0.02 (0.18)
X1_verbalni_pamet_a_uceni_pok5,DO,1.40 (1.15),3.62 (1.56),0.38 (0.14),-0.54 (0.19)
X1_verbalni_pamet_a_uceni_pok5,VE,4.68 (1.86),-0.21 (2.64),-0.06 (0.21),-0.02 (0.30)
X1_verbalni_pamet_a_uceni_pok5,KOD,3.41 (0.97),0.49 (1.27),0.11 (0.12),-0.12 (0.15)
X1_verbalni_pamet_a_uceni_pok5,PO,3.53 (1.39),0.78 (1.93),0.12 (0.16),-0.19 (0.22)
X1_verbalni_pamet_a_uceni_pok5,ŘO,2.36 (0.90),0.79 (1.19),0.27 (0.10),-0.20 (0.13)
X1_verbalni_pamet_a_uceni_pok5,POČ,6.58 (1.92),-3.48 (2.57),-0.31 (0.25),0.40 (0.33)
X1_verbalni_pamet_a_uceni_pok5,KOS,4.65 (1.42),-0.40 (1.72),-0.05 (0.18),-0.02 (0.23)
X1_verbalni_pamet_a_uceni_pok5,SLO,4.42 (1.47),0.68 (2.07),-0.02 (0.18),-0.14 (0.26)
X1_verbalni_pamet_a_uceni_pok5,POR,1.10 (1.20),2.82 (1.60),0.40 (0.15),-0.42 (0.20)
X1_verbalni_pamet_a_uceni_pok6,DO,1.64 (2.10),6.26 (2.84),0.75 (0.25),-0.97 (0.34)
X1_verbalni_pamet_a_uceni_pok6,VE,2.55 (3.55),-2.14 (5.04),0.65 (0.41),0.03 (0.58)
X1_verbalni_pamet_a_uceni_pok6,KOD,-0.49 (1.64),4.73 (2.15),0.90 (0.19),-0.65 (0.26)
X1_verbalni_pamet_a_uceni_pok6,PO,-2.25 (2.88),3.43 (3.99),1.22 (0.34),-0.63 (0.46)
X1_verbalni_pamet_a_uceni_pok6,ŘO,1.86 (1.65),1.82 (2.19),0.61 (0.18),-0.32 (0.23)
X1_verbalni_pamet_a_uceni_pok6,POČ,-3.32 (3.65),1.79 (4.90),1.34 (0.47),-0.34 (0.63)
X1_verbalni_pamet_a_uceni_pok6,KOS,-3.69 (2.63),7.36 (3.17),1.36 (0.34),-1.01 (0.42)
X1_verbalni_pamet_a_uceni_pok6,SLO,-2.73 (3.09),8.29 (4.36),1.26 (0.38),-1.18 (0.54)
X1_verbalni_pamet_a_uceni_pok6,POR,-1.25 (2.19),8.08 (2.92),1.05 (0.27),-1.13 (0.36)
X1_verbalni_pamet_a_uceni_pok7,DO,1.32 (2.53),4.83 (3.42),0.77 (0.30),-0.85 (0.41)
X1_verbalni_pamet_a_uceni_pok7,VE,3.48 (4.50),-9.34 (6.38),0.49 (0.52),0.84 (0.74)
X1_verbalni_pamet_a_uceni_pok7,KOD,2.28 (1.93),-1.19 (2.52),0.55 (0.23),0.01 (0.30)
X1_verbalni_pamet_a_uceni_pok7,PO,0.79 (2.87),-3.27 (3.97),0.87 (0.33),0.08 (0.46)
X1_verbalni_pamet_a_uceni_pok7,ŘO,2.51 (1.87),0.61 (2.48),0.53 (0.20),-0.26 (0.27)
X1_verbalni_pamet_a_uceni_pok7,POČ,1.53 (3.60),-9.22 (4.83),0.71 (0.46),1.00 (0.62)
X1_verbalni_pamet_a_uceni_pok7,KOS,-1.35 (3.21),5.21 (3.86),1.05 (0.42),-0.83 (0.51)
X1_verbalni_pamet_a_uceni_pok7,SLO,2.30 (3.64),-2.62 (5.13),0.62 (0.45),0.11 (0.64)
X1_verbalni_pamet_a_uceni_pok7,POR,0.25 (2.54),1.50 (3.39),0.89 (0.31),-0.42 (0.41)
X1_verbalni_pamet_a_uceni_rekognice_sumHS,DO,38.58 (3.53),5.77 (4.78),0.72 (0.42),-0.90 (0.57)
X1_verbalni_pamet_a_uceni_rekognice_sumHS,VE,40.29 (4.77),-14.94 (6.77),0.65 (0.55),1.39 (0.78)
X1_verbalni_pamet_a_uceni_rekognice_sumHS,KOD,38.62 (2.74),-1.35 (3.58),0.60 (0.32),0.12 (0.43)
X1_verbalni_pamet_a_uceni_rekognice_sumHS,PO,34.12 (3.88),-0.84 (5.38),1.24 (0.45),-0.11 (0.63)
X1_verbalni_pamet_a_uceni_rekognice_sumHS,ŘO,38.56 (2.48),1.36 (3.29),0.66 (0.26),-0.32 (0.35)
X1_verbalni_pamet_a_uceni_rekognice_sumHS,POČ,30.07 (5.27),0.50 (7.07),1.77 (0.67),-0.17 (0.91)
X1_verbalni_pamet_a_uceni_rekognice_sumHS,KOS,31.81 (4.21),8.99 (5.08),1.57 (0.55),-1.28 (0.67)
X1_verbalni_pamet_a_uceni_rekognice_sumHS,SLO,38.65 (4.69),2.18 (6.60),0.67 (0.58),-0.41 (0.82)
X1_verbalni_pamet_a_uceni_rekognice_sumHS,POR,38.01 (3.49),5.94 (4.65),0.72 (0.42),-0.86 (0.57)
X1_verbalni_pamet_a_uceni_rekog_sumSeznam1,DO,7.69 (1.78),5.12 (2.41),0.55 (0.21),-0.66 (0.29)
X1_verbalni_pamet_a_uceni_rekog_sumSeznam1,VE,10.04 (2.41),-2.59 (3.42),0.35 (0.28),0.18 (0.40)
X1_verbalni_pamet_a_uceni_rekog_sumSeznam1,KOD,9.47 (1.43),1.05 (1.88),0.33 (0.17),-0.15 (0.23)
X1_verbalni_pamet_a_uceni_rekog_sumSeznam1,PO,10.29 (1.59),-1.58 (2.20),0.33 (0.18),0.06 (0.26)
X1_verbalni_pamet_a_uceni_rekog_sumSeznam1,ŘO,10.19 (1.32),0.23 (1.75),0.24 (0.14),-0.06 (0.19)
X1_verbalni_pamet_a_uceni_rekog_sumSeznam1,POČ,8.36 (2.43),-0.69 (3.26),0.52 (0.31),0.04 (0.42)
X1_verbalni_pamet_a_uceni_rekog_sumSeznam1,KOS,7.53 (2.30),4.25 (2.77),0.59 (0.30),-0.57 (0.36)
X1_verbalni_pamet_a_uceni_rekog_sumSeznam1,SLO,7.98 (1.94),4.39 (2.74),0.58 (0.24),-0.63 (0.34)
X1_verbalni_pamet_a_uceni_rekog_sumSeznam1,POR,9.14 (1.76),3.62 (2.34),0.42 (0.21),-0.52 (0.29)
X1_verbalni_pamet_a_uceni_rekog_nuc_volba,DO,12.86 (1.15),1.44 (1.56),0.10 (0.14),-0.23 (0.19)
X1_verbalni_pamet_a_uceni_rekog_nuc_volba,VE,13.34 (1.76),-3.72 (2.49),0.06 (0.20),0.37 (0.29)
X1_verbalni_pamet_a_uceni_rekog_nuc_volba,KOD,13.09 (0.91),-0.80 (1.19),0.08 (0.11),0.05 (0.14)
X1_verbalni_pamet_a_uceni_rekog_nuc_volba,PO,12.73 (1.28),-2.99 (1.78),0.11 (0.15),0.31 (0.21)
X1_verbalni_pamet_a_uceni_rekog_nuc_volba,ŘO,13.25 (0.84),0.32 (1.11),0.05 (0.09),-0.08 (0.12)
X1_verbalni_pamet_a_uceni_rekog_nuc_volba,POČ,12.16 (1.72),-4.01 (2.31),0.18 (0.22),0.49 (0.30)
X1_verbalni_pamet_a_uceni_rekog_nuc_volba,KOS,12.88 (1.43),1.67 (1.72),0.11 (0.18),-0.28 (0.23)
X1_verbalni_pamet_a_uceni_rekog_nuc_volba,SLO,12.72 (1.46),2.42 (2.05),0.13 (0.18),-0.36 (0.25)
X1_verbalni_pamet_a_uceni_rekog_nuc_volba,POR,13.19 (1.07),0.72 (1.42),0.07 (0.13),-0.14 (0.17)
X2_pamet_na_pribehy_OKAMZITE_sum_1_2,DO,-4.22 (8.10),15.66 (10.95),3.59 (0.97),-3.53 (1.32)
X2_pamet_na_pribehy_OKAMZITE_sum_1_2,VE,-33.77 (16.83),29.39 (23.88),7.15 (1.94),-5.24 (2.76)
X2_pamet_na_pribehy_OKAMZITE_sum_1_2,KOD,-21.68 (6.05),33.54 (7.91),5.32 (0.72),-5.31 (0.95)
X2_pamet_na_pribehy_OKAMZITE_sum_1_2,PO,-34.24 (10.54),33.05 (14.60),7.11 (1.23),-5.55 (1.70)
X2_pamet_na_pribehy_OKAMZITE_sum_1_2,ŘO,-13.23 (6.62),25.85 (8.78),4.36 (0.70),-4.43 (0.94)
X2_pamet_na_pribehy_OKAMZITE_sum_1_2,POČ,-32.32 (14.30),42.56 (19.19),7.04 (1.83),-6.81 (2.46)
X2_pamet_na_pribehy_OKAMZITE_sum_1_2,KOS,-44.77 (10.94),54.03 (13.19),8.73 (1.42),-8.35 (1.73)
X2_pamet_na_pribehy_OKAMZITE_sum_1_2,SLO,-10.40 (13.51),24.99 (19.04),4.06 (1.68),-4.40 (2.36)
X2_pamet_na_pribehy_OKAMZITE_sum_1_2,POR,-12.53 (9.60),26.50 (12.79),4.56 (1.16),-4.82 (1.56)
X2_pamet_na_pribehy_OKAMZITE_pribeh1_ok_sum,DO,5.81 (5.08),1.91 (6.86),1.07 (0.61),-1.02 (0.83)
X2_pamet_na_pribehy_OKAMZITE_pribeh1_ok_sum,VE,-21.25 (10.60),19.08 (15.04),4.56 (1.22),-3.36 (1.74)
X2_pamet_na_pribehy_OKAMZITE_pribeh1_ok_sum,KOD,-5.60 (3.75),13.62 (4.90),2.35 (0.44),-2.33 (0.59)
X2_pamet_na_pribehy_OKAMZITE_pribeh1_ok_sum,PO,-15.27 (6.73),14.04 (9.32),3.70 (0.78),-2.59 (1.09)
X2_pamet_na_pribehy_OKAMZITE_pribeh1_ok_sum,ŘO,-4.32 (4.08),12.34 (5.40),2.26 (0.43),-2.25 (0.58)
X2_pamet_na_pribehy_OKAMZITE_pribeh1_ok_sum,POČ,-15.14 (9.17),23.70 (12.31),3.83 (1.17),-3.89 (1.58)
X2_pamet_na_pribehy_OKAMZITE_pribeh1_ok_sum,KOS,-20.94 (6.96),27.61 (8.38),4.63 (0.90),-4.43 (1.10)
X2_pamet_na_pribehy_OKAMZITE_pribeh1_ok_sum,SLO,0.62 (8.00),9.15 (11.28),1.66 (0.99),-1.86 (1.40)
X2_pamet_na_pribehy_OKAMZITE_pribeh1_ok_sum,POR,-2.89 (5.65),12.30 (7.54),2.25 (0.69),-2.41 (0.92)
X2_pamet_na_pribehy_OKAMZITE_pribeh2_ok_sum,DO,-10.03 (3.97),13.75 (5.36),2.52 (0.48),-2.51 (0.65)
X2_pamet_na_pribehy_OKAMZITE_pribeh2_ok_sum,VE,-12.52 (7.88),10.31 (11.18),2.58 (0.91),-1.88 (1.29)
X2_pamet_na_pribehy_OKAMZITE_pribeh2_ok_sum,KOD,-16.08 (3.15),19.93 (4.12),2.97 (0.37),-2.98 (0.49)
X2_pamet_na_pribehy_OKAMZITE_pribeh2_ok_sum,PO,-18.96 (4.89),19.01 (6.78),3.41 (0.57),-2.96 (0.79)
X2_pamet_na_pribehy_OKAMZITE_pribeh2_ok_sum,ŘO,-8.91 (3.59),13.51 (4.76),2.09 (0.38),-2.18 (0.51)
X2_pamet_na_pribehy_OKAMZITE_pribeh2_ok_sum,POČ,-17.18 (6.41),18.86 (8.60),3.21 (0.82),-2.93 (1.10)
X2_pamet_na_pribehy_OKAMZITE_pribeh2_ok_sum,KOS,-23.83 (5.08),26.43 (6.12),4.10 (0.66),-3.93 (0.80)
X2_pamet_na_pribehy_OKAMZITE_pribeh2_ok_sum,SLO,-11.02 (6.47),15.84 (9.12),2.41 (0.80),-2.53 (1.13)
X2_pamet_na_pribehy_OKAMZITE_pribeh2_ok_sum,POR,-9.64 (4.56),14.20 (6.08),2.31 (0.55),-2.41 (0.74)
X2_pamet_na_pribehy_ODDALENE_sum_1_2,DO,-9.77 (6.54),16.59 (8.84),3.53 (0.78),-3.44 (1.06)
X2_pamet_na_pribehy_ODDALENE_sum_1_2,VE,-23.67 (13.80),16.77 (19.58),4.96 (1.59),-3.27 (2.26)
X2_pamet_na_pribehy_ODDALENE_sum_1_2,KOD,-18.29 (4.35),24.04 (5.64),4.40 (0.51),-4.16 (0.68)
X2_pamet_na_pribehy_ODDALENE_sum_1_2,PO,-29.43 (8.21),28.65 (11.37),5.54 (0.96),-4.54 (1.32)
X2_pamet_na_pribehy_ODDALENE_sum_1_2,ŘO,-12.37 (4.46),21.40 (5.86),3.53 (0.47),-3.70 (0.62)
X2_pamet_na_pribehy_ODDALENE_sum_1_2,POČ,-21.17 (12.43),23.19 (16.68),4.71 (1.59),-3.98 (2.14)
X2_pamet_na_pribehy_ODDALENE_sum_1_2,KOS,-15.70 (7.97),19.50 (9.56),3.90 (1.03),-3.37 (1.25)
X2_pamet_na_pribehy_ODDALENE_sum_1_2,SLO,-4.02 (8.81),7.18 (12.42),2.32 (1.09),-1.77 (1.54)
X2_pamet_na_pribehy_ODDALENE_sum_1_2,POR,-8.73 (6.81),14.70 (9.02),3.26 (0.82),-3.05 (1.10)
X2_pamet_na_pribehy_ODDALENE_pribeh1_odd_sum1,DO,4.81 (4.57),-0.98 (6.17),0.83 (0.55),-0.60 (0.74)
X2_pamet_na_pribehy_ODDALENE_pribeh1_odd_sum1,VE,-8.44 (8.72),1.93 (12.37),2.46 (1.01),-1.03 (1.43)
X2_pamet_na_pribehy_ODDALENE_pribeh1_odd_sum1,KOD,0.21 (3.15),2.94 (4.09),1.32 (0.37),-0.99 (0.49)
X2_pamet_na_pribehy_ODDALENE_pribeh1_odd_sum1,PO,-10.06 (6.34),10.47 (8.78),2.49 (0.74),-1.86 (1.02)
X2_pamet_na_pribehy_ODDALENE_pribeh1_odd_sum1,ŘO,-2.90 (2.88),9.18 (3.78),1.70 (0.30),-1.77 (0.40)
X2_pamet_na_pribehy_ODDALENE_pribeh1_odd_sum1,POČ,-2.41 (8.71),6.64 (11.68),1.66 (1.11),-1.47 (1.50)
X2_pamet_na_pribehy_ODDALENE_pribeh1_odd_sum1,KOS,-3.21 (6.04),6.50 (7.24),1.74 (0.78),-1.41 (0.95)
X2_pamet_na_pribehy_ODDALENE_pribeh1_odd_sum1,SLO,10.80 (5.88),-7.74 (8.30),-0.15 (0.73),0.48 (1.03)
X2_pamet_na_pribehy_ODDALENE_pribeh1_odd_sum1,POR,4.04 (4.50),1.08 (5.95),0.90 (0.54),-0.83 (0.72)
X2_pamet_na_pribehy_ODDALENE_pribeh2_odd_sum,DO,-14.58 (3.04),17.57 (4.11),2.71 (0.36),-2.84 (0.49)
X2_pamet_na_pribehy_ODDALENE_pribeh2_odd_sum,VE,-15.22 (6.67),14.85 (9.46),2.50 (0.77),-2.24 (1.09)
X2_pamet_na_pribehy_ODDALENE_pribeh2_odd_sum,KOD,-18.51 (2.51),21.11 (3.26),3.08 (0.30),-3.17 (0.39)
X2_pamet_na_pribehy_ODDALENE_pribeh2_odd_sum,PO,-19.36 (3.19),18.18 (4.41),3.05 (0.37),-2.68 (0.51)
X2_pamet_na_pribehy_ODDALENE_pribeh2_odd_sum,ŘO,-9.47 (2.69),12.22 (3.53),1.83 (0.28),-1.93 (0.38)
X2_pamet_na_pribehy_ODDALENE_pribeh2_odd_sum,POČ,-18.76 (5.34),16.55 (7.17),3.05 (0.68),-2.51 (0.92)
X2_pamet_na_pribehy_ODDALENE_pribeh2_odd_sum,KOS,-12.49 (3.52),12.99 (4.22),2.15 (0.45),-1.96 (0.55)
X2_pamet_na_pribehy_ODDALENE_pribeh2_odd_sum,SLO,-14.82 (4.07),14.92 (5.74),2.47 (0.50),-2.25 (0.71)
X2_pamet_na_pribehy_ODDALENE_pribeh2_odd_sum,POR,-12.77 (3.28),13.62 (4.34),2.35 (0.39),-2.22 (0.53)
X4_sluchova_pozornost_sum_body,DO,25.31 (2.52),6.60 (3.40),0.49 (0.30),-0.86 (0.41)
X4_sluchova_pozornost_sum_body,VE,28.34 (4.12),2.71 (5.85),0.23 (0.48),-0.47 (0.68)
X4_sluchova_pozornost_sum_body,KOD,25.13 (2.20),2.86 (2.87),0.47 (0.26),-0.35 (0.34)
X4_sluchova_pozornost_sum_body,PO,27.05 (2.68),0.02 (3.71),0.33 (0.31),-0.11 (0.43)
X4_sluchova_pozornost_sum_body,ŘO,25.33 (1.87),3.13 (2.48),0.40 (0.20),-0.34 (0.27)
X4_sluchova_pozornost_sum_body,POČ,26.16 (3.81),-4.85 (5.11),0.46 (0.49),0.53 (0.66)
X4_sluchova_pozornost_sum_body,KOS,25.06 (3.39),3.14 (4.08),0.55 (0.44),-0.45 (0.53)
X4_sluchova_pozornost_sum_body,SLO,27.10 (3.25),-4.87 (4.58),0.28 (0.40),0.57 (0.57)
X4_sluchova_pozornost_sum_body,POR,25.21 (2.31),-2.43 (3.08),0.52 (0.28),0.26 (0.38)
X4_sluchova_pozornost_opomenuti,DO,6.61 (2.45),-7.01 (3.31),-0.50 (0.29),0.91 (0.40)
X4_sluchova_pozornost_opomenuti,VE,2.77 (3.95),-4.06 (5.60),-0.14 (0.46),0.62 (0.65)
X4_sluchova_pozornost_opomenuti,KOD,6.90 (2.23),-3.66 (2.88),-0.49 (0.27),0.45 (0.35)
X4_sluchova_pozornost_opomenuti,PO,5.20 (2.71),-0.78 (3.75),-0.37 (0.32),0.18 (0.44)
X4_sluchova_pozornost_opomenuti,ŘO,6.67 (1.88),-3.96 (2.49),-0.40 (0.20),0.42 (0.27)
X4_sluchova_pozornost_opomenuti,POČ,5.84 (3.91),3.00 (5.24),-0.46 (0.50),-0.32 (0.67)
X4_sluchova_pozornost_opomenuti,KOS,6.94 (3.39),-2.74 (4.09),-0.55 (0.44),0.36 (0.54)
X4_sluchova_pozornost_opomenuti,SLO,4.57 (3.22),3.55 (4.53),-0.25 (0.40),-0.41 (0.56)
X4_sluchova_pozornost_opomenuti,POR,6.55 (2.27),2.08 (3.03),-0.50 (0.28),-0.23 (0.37)
X4_sluchova_pozornost_zamena,DO,2.08 (1.27),0.52 (1.72),-0.18 (0.15),0.00 (0.21)
X4_sluchova_pozornost_zamena,VE,1.20 (2.07),1.15 (2.93),-0.09 (0.24),-0.04 (0.34)
X4_sluchova_pozornost_zamena,KOD,1.83 (1.07),-0.52 (1.38),-0.16 (0.13),0.15 (0.17)
X4_sluchova_pozornost_zamena,PO,2.96 (1.50),-0.88 (2.07),-0.27 (0.17),0.17 (0.24)
X4_sluchova_pozornost_zamena,ŘO,1.47 (0.87),1.62 (1.16),-0.11 (0.09),-0.11 (0.12)
X4_sluchova_pozornost_zamena,POČ,2.10 (2.11),0.52 (2.83),-0.17 (0.27),-0.01 (0.36)
X4_sluchova_pozornost_zamena,KOS,2.49 (1.56),0.38 (1.88),-0.26 (0.20),0.03 (0.25)
X4_sluchova_pozornost_zamena,SLO,2.95 (1.62),-0.08 (2.29),-0.29 (0.20),0.08 (0.28)
X4_sluchova_pozornost_zamena,POR,2.29 (1.19),-0.39 (1.59),-0.21 (0.14),0.12 (0.19)
X4_sluchova_pozornost_inhibice,DO,5.91 (2.13),-5.28 (2.88),-0.55 (0.25),0.50 (0.35)
X4_sluchova_pozornost_inhibice,VE,-0.27 (1.07),2.38 (1.51),0.05 (0.12),-0.27 (0.17)
X4_sluchova_pozornost_inhibice,KOD,7.15 (2.53),-6.20 (3.28),-0.65 (0.30),0.56 (0.40)
X4_sluchova_pozornost_inhibice,PO,14.44 (3.48),-14.47 (4.82),-1.47 (0.40),1.51 (0.56)
X4_sluchova_pozornost_inhibice,ŘO,6.41 (2.27),-5.79 (3.01),-0.49 (0.24),0.44 (0.32)
X4_sluchova_pozornost_inhibice,POČ,17.47 (4.77),-15.61 (6.40),-1.99 (0.61),1.78 (0.82)
X4_sluchova_pozornost_inhibice,KOS,11.89 (3.72),-12.40 (4.49),-1.32 (0.48),1.43 (0.59)
X4_sluchova_pozornost_inhibice,SLO,14.13 (3.91),-12.78 (5.51),-1.52 (0.49),1.38 (0.68)
X4_sluchova_pozornost_inhibice,POR,7.64 (2.79),-7.20 (3.72),-0.75 (0.34),0.72 (0.45)
X5_zrakova_pozornost_n_hlav,DO,-7.53 (18.15),73.02 (24.52),7.96 (2.17),-6.78 (2.95)
X5_zrakova_pozornost_n_hlav,VE,42.86 (25.82),-65.09 (36.65),2.21 (2.98),9.15 (4.24)
X5_zrakova_pozornost_n_hlav,KOD,-4.54 (13.81),49.72 (18.05),7.45 (1.64),-3.60 (2.17)
X5_zrakova_pozornost_n_hlav,PO,10.04 (19.92),24.64 (27.59),5.82 (2.32),-1.03 (3.21)
X5_zrakova_pozornost_n_hlav,ŘO,3.23 (12.64),57.21 (16.75),6.15 (1.34),-4.47 (1.79)
X5_zrakova_pozornost_n_hlav,POČ,1.20 (26.80),26.47 (35.96),6.95 (3.43),-0.78 (4.61)
X5_zrakova_pozornost_n_hlav,KOS,-2.77 (21.51),47.47 (25.93),7.32 (2.79),-3.10 (3.40)
X5_zrakova_pozornost_n_hlav,SLO,15.35 (22.05),23.97 (31.08),5.00 (2.74),-0.50 (3.86)
X5_zrakova_pozornost_n_hlav,POR,-10.91 (16.29),90.12 (21.72),8.65 (1.97),-9.19 (2.65)
X5_zrakova_pozornost_n_opomenuti,DO,4.78 (5.85),1.45 (7.90),-0.27 (0.70),0.14 (0.95)
X5_zrakova_pozornost_n_opomenuti,VE,8.53 (9.48),4.12 (13.46),-0.58 (1.10),-0.29 (1.56)
X5_zrakova_pozornost_n_opomenuti,KOD,4.57 (4.43),4.63 (5.79),-0.20 (0.52),-0.31 (0.69)
X5_zrakova_pozornost_n_opomenuti,PO,9.05 (7.02),3.72 (9.71),-0.75 (0.82),-0.15 (1.13)
X5_zrakova_pozornost_n_opomenuti,ŘO,5.96 (3.93),2.03 (5.20),-0.42 (0.42),0.10 (0.56)
X5_zrakova_pozornost_n_opomenuti,POČ,8.69 (11.90),-2.95 (15.96),-0.54 (1.52),0.47 (2.05)
X5_zrakova_pozornost_n_opomenuti,KOS,5.35 (6.92),7.01 (8.34),-0.30 (0.90),-0.69 (1.09)
X5_zrakova_pozornost_n_opomenuti,SLO,11.16 (7.61),-19.36 (10.73),-0.96 (0.94),2.66 (1.33)
X5_zrakova_pozornost_n_opomenuti,POR,4.75 (5.08),-4.24 (6.78),-0.28 (0.62),0.88 (0.83)
X5_zrakova_pozornost_n_zamena,DO,7.70 (4.64),-5.43 (6.26),-0.66 (0.56),0.59 (0.75)
X5_zrakova_pozornost_n_zamena,VE,2.91 (6.99),2.26 (9.92),-0.15 (0.81),-0.26 (1.15)
X5_zrakova_pozornost_n_zamena,KOD,6.76 (3.68),-2.34 (4.81),-0.56 (0.44),0.21 (0.58)
X5_zrakova_pozornost_n_zamena,PO,9.87 (5.45),-2.58 (7.55),-0.93 (0.63),0.27 (0.88)
X5_zrakova_pozornost_n_zamena,ŘO,6.00 (3.33),-1.33 (4.41),-0.38 (0.35),0.04 (0.47)
X5_zrakova_pozornost_n_zamena,POČ,12.35 (7.28),-5.38 (9.77),-1.33 (0.93),0.64 (1.25)
X5_zrakova_pozornost_n_zamena,KOS,7.15 (5.78),-0.56 (6.97),-0.59 (0.75),-0.09 (0.91)
X5_zrakova_pozornost_n_zamena,SLO,11.02 (5.92),-12.30 (8.35),-1.10 (0.73),1.48 (1.04)
X5_zrakova_pozornost_n_zamena,POR,6.55 (4.34),-3.65 (5.79),-0.54 (0.53),0.39 (0.71)
X7_inhibice_a_presun_pozornosti_pojm_cas,DO,36.37 (5.84),-16.42 (7.89),-1.42 (0.70),1.97 (0.95)
X7_inhibice_a_presun_pozornosti_pojm_cas,VE,31.29 (7.07),10.16 (10.03),-1.14 (0.82),-0.85 (1.16)
X7_inhibice_a_presun_pozornosti_pojm_cas,KOD,43.27 (5.21),-8.50 (6.80),-2.09 (0.62),0.74 (0.82)
X7_inhibice_a_presun_pozornosti_pojm_cas,PO,49.07 (7.46),-16.63 (10.33),-2.70 (0.87),1.74 (1.20)
X7_inhibice_a_presun_pozornosti_pojm_cas,ŘO,45.57 (4.71),-19.01 (6.25),-2.23 (0.50),1.97 (0.67)
X7_inhibice_a_presun_pozornosti_pojm_cas,POČ,56.14 (9.54),-8.06 (12.80),-3.83 (1.22),0.74 (1.64)
X7_inhibice_a_presun_pozornosti_pojm_cas,KOS,53.59 (8.54),-32.94 (10.29),-3.50 (1.11),4.01 (1.35)
X7_inhibice_a_presun_pozornosti_pojm_cas,SLO,51.63 (8.52),-16.22 (12.01),-3.31 (1.06),1.92 (1.49)
X7_inhibice_a_presun_pozornosti_pojm_cas,POR,45.83 (6.19),-14.19 (8.25),-2.47 (0.75),1.54 (1.01)
X7_inhibice_a_presun_pozornosti_pojm_neopr_chyby,DO,0.18 (0.55),0.46 (0.74),-0.01 (0.07),-0.02 (0.09)
X7_inhibice_a_presun_pozornosti_pojm_neopr_chyby,VE,0.28 (0.88),0.46 (1.24),-0.03 (0.10),-0.01 (0.14)
X7_inhibice_a_presun_pozornosti_pojm_neopr_chyby,KOD,0.12 (0.42),0.75 (0.56),-0.01 (0.05),-0.05 (0.07)
X7_inhibice_a_presun_pozornosti_pojm_neopr_chyby,PO,-0.33 (0.67),-0.38 (0.93),0.05 (0.08),0.08 (0.11)
X7_inhibice_a_presun_pozornosti_pojm_neopr_chyby,ŘO,0.13 (0.39),0.16 (0.52),-0.01 (0.04),0.02 (0.06)
X7_inhibice_a_presun_pozornosti_pojm_neopr_chyby,POČ,-0.00 (0.84),0.65 (1.12),0.00 (0.11),-0.03 (0.14)
X7_inhibice_a_presun_pozornosti_pojm_neopr_chyby,KOS,0.19 (0.67),0.45 (0.81),-0.02 (0.09),-0.01 (0.11)
X7_inhibice_a_presun_pozornosti_pojm_neopr_chyby,SLO,0.19 (0.70),0.95 (0.98),-0.02 (0.09),-0.08 (0.12)
X7_inhibice_a_presun_pozornosti_pojm_neopr_chyby,POR,0.15 (0.50),0.60 (0.67),-0.01 (0.06),-0.03 (0.08)
X7_inhibice_a_presun_pozornosti_pojm_opr_chyby,DO,0.58 (0.46),0.32 (0.62),-0.04 (0.06),-0.04 (0.08)
X7_inhibice_a_presun_pozornosti_pojm_opr_chyby,VE,-0.45 (0.67),1.42 (0.95),0.07 (0.08),-0.15 (0.11)
X7_inhibice_a_presun_pozornosti_pojm_opr_chyby,KOD,0.89 (0.41),-0.13 (0.53),-0.08 (0.05),0.02 (0.06)
X7_inhibice_a_presun_pozornosti_pojm_opr_chyby,PO,0.87 (0.58),-0.99 (0.80),-0.05 (0.07),0.10 (0.09)
X7_inhibice_a_presun_pozornosti_pojm_opr_chyby,ŘO,0.86 (0.36),0.01 (0.48),-0.07 (0.04),0.00 (0.05)
X7_inhibice_a_presun_pozornosti_pojm_opr_chyby,POČ,1.08 (0.82),-0.31 (1.10),-0.09 (0.11),0.03 (0.14)
X7_inhibice_a_presun_pozornosti_pojm_opr_chyby,KOS,0.96 (0.68),-0.76 (0.81),-0.08 (0.09),0.09 (0.11)
X7_inhibice_a_presun_pozornosti_pojm_opr_chyby,SLO,0.53 (0.55),-0.53 (0.77),-0.04 (0.07),0.08 (0.10)
X7_inhibice_a_presun_pozornosti_pojm_opr_chyby,POR,0.60 (0.49),-0.68 (0.65),-0.04 (0.06),0.09 (0.08)
X7_inhibice_a_presun_pozornosti_pojm_sum_chyby,DO,0.76 (0.75),0.78 (1.02),-0.05 (0.09),-0.06 (0.12)
X7_inhibice_a_presun_pozornosti_pojm_sum_chyby,VE,-0.17 (1.16),1.88 (1.65),0.04 (0.13),-0.17 (0.19)
X7_inhibice_a_presun_pozornosti_pojm_sum_chyby,KOD,1.02 (0.60),0.62 (0.78),-0.09 (0.07),-0.03 (0.09)
X7_inhibice_a_presun_pozornosti_pojm_sum_chyby,PO,0.53 (0.96),-1.37 (1.33),0.00 (0.11),0.18 (0.15)
X7_inhibice_a_presun_pozornosti_pojm_sum_chyby,ŘO,1.00 (0.55),0.17 (0.73),-0.08 (0.06),0.02 (0.08)
X7_inhibice_a_presun_pozornosti_pojm_sum_chyby,POČ,1.08 (1.23),0.34 (1.65),-0.09 (0.16),-0.01 (0.21)
X7_inhibice_a_presun_pozornosti_pojm_sum_chyby,KOS,1.16 (0.99),-0.30 (1.19),-0.10 (0.13),0.08 (0.16)
X7_inhibice_a_presun_pozornosti_pojm_sum_chyby,SLO,0.72 (0.95),0.42 (1.35),-0.05 (0.12),-0.00 (0.17)
X7_inhibice_a_presun_pozornosti_pojm_sum_chyby,POR,0.75 (0.73),-0.08 (0.97),-0.06 (0.09),0.06 (0.12)
X7_inhibice_a_presun_pozornosti_inhi_cas,DO,67.67 (11.84),-34.80 (16.00),-3.63 (1.42),3.90 (1.92)
X7_inhibice_a_presun_pozornosti_inhi_cas,VE,44.16 (13.27),35.03 (18.84),-1.37 (1.53),-3.78 (2.18)
X7_inhibice_a_presun_pozornosti_inhi_cas,KOD,56.98 (7.96),-5.02 (10.41),-2.38 (0.94),0.19 (1.25)
X7_inhibice_a_presun_pozornosti_inhi_cas,PO,52.05 (11.54),5.29 (15.98),-1.88 (1.34),-0.78 (1.86)
X7_inhibice_a_presun_pozornosti_inhi_cas,ŘO,63.50 (7.34),-18.59 (9.73),-3.02 (0.78),1.88 (1.04)
X7_inhibice_a_presun_pozornosti_inhi_cas,POČ,58.54 (17.64),12.18 (23.67),-2.61 (2.26),-2.05 (3.04)
X7_inhibice_a_presun_pozornosti_inhi_cas,KOS,55.28 (13.08),-5.39 (15.76),-2.21 (1.69),0.14 (2.07)
X7_inhibice_a_presun_pozornosti_inhi_cas,SLO,60.67 (13.47),-9.17 (18.99),-3.10 (1.67),1.02 (2.36)
X7_inhibice_a_presun_pozornosti_inhi_cas,POR,61.48 (9.85),-33.50 (13.13),-3.07 (1.19),3.97 (1.60)
X7_inhibice_a_presun_pozornosti_inhi_neopr_chyby,DO,0.81 (1.41),1.11 (1.91),0.02 (0.17),-0.17 (0.23)
X7_inhibice_a_presun_pozornosti_inhi_neopr_chyby,VE,4.94 (3.31),-1.30 (4.69),-0.46 (0.38),0.13 (0.54)
X7_inhibice_a_presun_pozornosti_inhi_neopr_chyby,KOD,1.01 (0.98),1.03 (1.28),-0.02 (0.12),-0.14 (0.15)
X7_inhibice_a_presun_pozornosti_inhi_neopr_chyby,PO,0.18 (1.40),0.46 (1.94),0.05 (0.16),-0.03 (0.23)
X7_inhibice_a_presun_pozornosti_inhi_neopr_chyby,ŘO,1.75 (0.96),0.32 (1.27),-0.10 (0.10),-0.05 (0.14)
X7_inhibice_a_presun_pozornosti_inhi_neopr_chyby,POČ,1.27 (1.98),0.39 (2.65),-0.07 (0.25),-0.05 (0.34)
X7_inhibice_a_presun_pozornosti_inhi_neopr_chyby,KOS,-1.52 (1.69),3.21 (2.03),0.33 (0.22),-0.46 (0.27)
X7_inhibice_a_presun_pozornosti_inhi_neopr_chyby,SLO,0.29 (1.45),1.53 (2.04),0.05 (0.18),-0.18 (0.25)
X7_inhibice_a_presun_pozornosti_inhi_neopr_chyby,POR,0.49 (1.04),-0.68 (1.39),0.02 (0.13),0.10 (0.17)
X7_inhibice_a_presun_pozornosti_inhi_opr_chyby,DO,3.40 (1.06),-1.40 (1.43),-0.31 (0.13),0.17 (0.17)
X7_inhibice_a_presun_pozornosti_inhi_opr_chyby,VE,-0.42 (1.10),2.45 (1.56),0.10 (0.13),-0.24 (0.18)
X7_inhibice_a_presun_pozornosti_inhi_opr_chyby,KOD,2.22 (0.89),-0.95 (1.16),-0.15 (0.11),0.10 (0.14)
X7_inhibice_a_presun_pozornosti_inhi_opr_chyby,PO,2.19 (0.73),-1.58 (1.01),-0.21 (0.09),0.25 (0.12)
X7_inhibice_a_presun_pozornosti_inhi_opr_chyby,ŘO,2.72 (0.76),-1.10 (1.01),-0.21 (0.08),0.13 (0.11)
X7_inhibice_a_presun_pozornosti_inhi_opr_chyby,POČ,0.92 (1.14),0.23 (1.54),-0.01 (0.15),-0.02 (0.20)
X7_inhibice_a_presun_pozornosti_inhi_opr_chyby,KOS,3.08 (1.37),-1.16 (1.65),-0.29 (0.18),0.14 (0.22)
X7_inhibice_a_presun_pozornosti_inhi_opr_chyby,SLO,1.20 (0.92),-0.81 (1.30),-0.07 (0.11),0.14 (0.16)
X7_inhibice_a_presun_pozornosti_inhi_opr_chyby,POR,2.60 (1.02),-2.53 (1.36),-0.22 (0.12),0.33 (0.17)
X7_inhibice_a_presun_pozornosti_inhi_sum_chyby,DO,4.21 (1.80),-0.29 (2.44),-0.29 (0.22),0.01 (0.29)
X7_inhibice_a_presun_pozornosti_inhi_sum_chyby,VE,4.52 (3.72),1.15 (5.28),-0.36 (0.43),-0.11 (0.61)
X7_inhibice_a_presun_pozornosti_inhi_sum_chyby,KOD,3.24 (1.42),0.08 (1.86),-0.17 (0.17),-0.04 (0.22)
X7_inhibice_a_presun_pozornosti_inhi_sum_chyby,PO,2.37 (1.74),-1.11 (2.41),-0.17 (0.20),0.21 (0.28)
X7_inhibice_a_presun_pozornosti_inhi_sum_chyby,ŘO,4.47 (1.24),-0.78 (1.64),-0.31 (0.13),0.08 (0.18)
X7_inhibice_a_presun_pozornosti_inhi_sum_chyby,POČ,2.20 (2.56),0.62 (3.44),-0.08 (0.33),-0.07 (0.44)
X7_inhibice_a_presun_pozornosti_inhi_sum_chyby,KOS,1.56 (2.31),2.05 (2.79),0.04 (0.30),-0.31 (0.37)
X7_inhibice_a_presun_pozornosti_inhi_sum_chyby,SLO,1.49 (1.95),0.72 (2.74),-0.03 (0.24),-0.05 (0.34)
X7_inhibice_a_presun_pozornosti_inhi_sum_chyby,POR,3.09 (1.53),-3.21 (2.05),-0.20 (0.19),0.43 (0.25)
X7_inhibice_a_presun_pozornosti_presun_cas,DO,101.57 (16.16),-37.34 (21.83),-4.91 (1.94),4.05 (2.63)
X7_inhibice_a_presun_pozornosti_presun_cas,VE,77.45 (20.07),27.65 (28.48),-2.55 (2.32),-3.03 (3.29)
X7_inhibice_a_presun_pozornosti_presun_cas,KOD,95.26 (12.29),-15.85 (16.07),-4.06 (1.46),1.21 (1.93)
X7_inhibice_a_presun_pozornosti_presun_cas,PO,94.22 (21.91),-19.94 (30.34),-3.81 (2.55),1.80 (3.53)
X7_inhibice_a_presun_pozornosti_presun_cas,ŘO,97.30 (11.55),-37.32 (15.31),-4.20 (1.23),3.89 (1.64)
X7_inhibice_a_presun_pozornosti_presun_cas,POČ,106.36 (29.56),-11.15 (39.66),-5.69 (3.78),0.75 (5.09)
X7_inhibice_a_presun_pozornosti_presun_cas,KOS,98.80 (20.26),-31.15 (24.42),-4.86 (2.63),3.42 (3.20)
X7_inhibice_a_presun_pozornosti_presun_cas,SLO,112.31 (20.88),-37.09 (29.44),-6.42 (2.59),4.16 (3.66)
X7_inhibice_a_presun_pozornosti_presun_cas,POR,95.52 (13.19),-29.78 (17.59),-4.60 (1.60),3.53 (2.15)
X7_inhibice_a_presun_pozornosti_presun_neopr_chyby,DO,11.47 (4.32),-4.18 (5.84),-0.90 (0.52),0.57 (0.70)
X7_inhibice_a_presun_pozornosti_presun_neopr_chyby,VE,10.97 (6.60),0.49 (9.36),-1.00 (0.76),0.20 (1.08)
X7_inhibice_a_presun_pozornosti_presun_neopr_chyby,KOD,9.82 (3.33),-0.01 (4.35),-0.66 (0.39),-0.01 (0.52)
X7_inhibice_a_presun_pozornosti_presun_neopr_chyby,PO,9.00 (4.28),-0.47 (5.92),-0.81 (0.50),0.35 (0.69)
X7_inhibice_a_presun_pozornosti_presun_neopr_chyby,ŘO,8.47 (2.77),0.66 (3.68),-0.58 (0.29),0.06 (0.39)
X7_inhibice_a_presun_pozornosti_presun_neopr_chyby,POČ,14.64 (5.89),-2.32 (7.90),-1.51 (0.75),0.51 (1.01)
X7_inhibice_a_presun_pozornosti_presun_neopr_chyby,KOS,14.49 (4.99),-6.18 (6.01),-1.44 (0.65),0.92 (0.79)
X7_inhibice_a_presun_pozornosti_presun_neopr_chyby,SLO,10.97 (5.46),-0.66 (7.69),-0.97 (0.68),0.25 (0.96)
X7_inhibice_a_presun_pozornosti_presun_neopr_chyby,POR,11.13 (3.75),-6.31 (5.00),-0.95 (0.45),0.92 (0.61)
X7_inhibice_a_presun_pozornosti_presun_opr_chyby,DO,2.13 (1.67),0.80 (2.26),-0.09 (0.20),-0.09 (0.27)
X7_inhibice_a_presun_pozornosti_presun_opr_chyby,VE,-0.09 (2.49),0.09 (3.53),0.18 (0.29),-0.00 (0.41)
X7_inhibice_a_presun_pozornosti_presun_opr_chyby,KOD,3.74 (1.51),-2.24 (1.97),-0.27 (0.18),0.27 (0.24)
X7_inhibice_a_presun_pozornosti_presun_opr_chyby,PO,4.59 (1.95),-8.51 (2.71),-0.36 (0.23),1.01 (0.32)
X7_inhibice_a_presun_pozornosti_presun_opr_chyby,ŘO,2.74 (1.37),-2.62 (1.81),-0.11 (0.14),0.27 (0.19)
X7_inhibice_a_presun_pozornosti_presun_opr_chyby,POČ,1.60 (2.87),-4.33 (3.86),0.04 (0.37),0.51 (0.49)
X7_inhibice_a_presun_pozornosti_presun_opr_chyby,KOS,2.56 (2.40),-1.65 (2.89),-0.09 (0.31),0.17 (0.38)
X7_inhibice_a_presun_pozornosti_presun_opr_chyby,SLO,3.24 (2.31),-4.79 (3.26),-0.17 (0.29),0.55 (0.40)
X7_inhibice_a_presun_pozornosti_presun_opr_chyby,POR,2.58 (1.53),-2.57 (2.03),-0.15 (0.18),0.34 (0.25)
X7_inhibice_a_presun_pozornosti_presun_sum_chyby,DO,13.60 (4.19),-3.38 (5.66),-0.99 (0.50),0.48 (0.68)
X7_inhibice_a_presun_pozornosti_presun_sum_chyby,VE,10.89 (6.40),0.58 (9.08),-0.82 (0.74),0.19 (1.05)
X7_inhibice_a_presun_pozornosti_presun_sum_chyby,KOD,13.56 (3.24),-2.25 (4.23),-0.93 (0.38),0.26 (0.51)
X7_inhibice_a_presun_pozornosti_presun_sum_chyby,PO,13.59 (4.26),-8.98 (5.90),-1.17 (0.50),1.35 (0.69)
X7_inhibice_a_presun_pozornosti_presun_sum_chyby,ŘO,11.21 (2.84),-1.96 (3.76),-0.69 (0.30),0.33 (0.40)
X7_inhibice_a_presun_pozornosti_presun_sum_chyby,POČ,16.25 (5.92),-6.65 (7.95),-1.47 (0.76),1.02 (1.02)
X7_inhibice_a_presun_pozornosti_presun_sum_chyby,KOS,17.05 (4.82),-7.83 (5.81),-1.53 (0.62),1.10 (0.76)
X7_inhibice_a_presun_pozornosti_presun_sum_chyby,SLO,14.22 (5.44),-5.45 (7.67),-1.14 (0.67),0.80 (0.95)
X7_inhibice_a_presun_pozornosti_presun_sum_chyby,POR,13.70 (3.65),-8.88 (4.87),-1.09 (0.44),1.26 (0.59)
X8_pracovni_pamet_sumaHS,DO,-2.69 (2.43),7.22 (3.29),1.37 (0.29),-1.24 (0.40)
X8_pracovni_pamet_sumaHS,VE,4.65 (4.31),1.00 (6.11),0.28 (0.50),-0.29 (0.71)
X8_pracovni_pamet_sumaHS,KOD,-1.54 (2.21),6.40 (2.88),1.11 (0.26),-1.01 (0.35)
X8_pracovni_pamet_sumaHS,PO,6.14 (2.62),-3.07 (3.63),0.21 (0.30),0.09 (0.42)
X8_pracovni_pamet_sumaHS,ŘO,4.10 (1.54),-1.35 (2.05),0.38 (0.16),-0.05 (0.22)
X8_pracovni_pamet_sumaHS,POČ,6.95 (3.53),-5.36 (4.74),0.12 (0.45),0.41 (0.61)
X8_pracovni_pamet_sumaHS,KOS,0.71 (2.89),1.70 (3.49),0.86 (0.37),-0.42 (0.46)
X8_pracovni_pamet_sumaHS,SLO,7.52 (2.86),-3.36 (4.04),0.00 (0.36),0.18 (0.50)
X8_pracovni_pamet_sumaHS,POR,-2.88 (2.46),7.45 (3.28),1.40 (0.30),-1.27 (0.40)
X9_verbalni_fluence_K_sum,DO,3.83 (4.10),6.48 (5.54),0.49 (0.49),-0.86 (0.67)
X9_verbalni_fluence_K_sum,VE,-1.65 (5.49),5.59 (7.79),1.08 (0.63),-0.68 (0.90)
X9_verbalni_fluence_K_sum,KOD,-7.48 (2.47),11.68 (3.23),1.74 (0.29),-1.34 (0.39)
X9_verbalni_fluence_K_sum,PO,7.29 (3.97),-2.88 (5.50),-0.05 (0.46),0.40 (0.64)
X9_verbalni_fluence_K_sum,ŘO,-4.04 (2.61),9.74 (3.41),1.23 (0.28),-1.04 (0.37)
X9_verbalni_fluence_K_sum,POČ,-2.18 (5.95),-4.42 (7.99),1.32 (0.76),0.50 (1.02)
X9_verbalni_fluence_K_sum,KOS,-8.22 (4.17),17.09 (5.02),1.89 (0.54),-2.11 (0.66)
X9_verbalni_fluence_K_sum,SLO,-5.13 (4.03),5.49 (5.68),1.55 (0.50),-0.67 (0.71)
X9_verbalni_fluence_K_sum,POR,-3.17 (2.76),2.04 (3.69),1.24 (0.34),-0.17 (0.45)
X9_verbalni_fluence_V_sum,DO,-3.75 (2.66),11.80 (3.59),1.14 (0.32),-1.50 (0.43)
X9_verbalni_fluence_V_sum,VE,-4.26 (6.41),8.33 (9.10),1.23 (0.74),-1.10 (1.05)
X9_verbalni_fluence_V_sum,KOD,-7.16 (1.93),8.91 (2.52),1.45 (0.23),-1.00 (0.30)
X9_verbalni_fluence_V_sum,PO,0.25 (3.20),3.61 (4.44),0.61 (0.37),-0.45 (0.52)
X9_verbalni_fluence_V_sum,ŘO,-3.05 (1.82),6.64 (2.38),0.85 (0.20),-0.66 (0.26)
X9_verbalni_fluence_V_sum,POČ,-7.51 (3.52),-0.31 (4.72),1.68 (0.45),0.02 (0.61)
X9_verbalni_fluence_V_sum,KOS,-5.72 (3.48),12.31 (4.19),1.34 (0.45),-1.53 (0.55)
X9_verbalni_fluence_V_sum,SLO,-3.13 (3.21),0.04 (4.52),1.01 (0.40),0.04 (0.56)
X9_verbalni_fluence_V_sum,POR,-5.96 (1.98),4.58 (2.64),1.29 (0.24),-0.44 (0.32)
X9_verbalni_fluence_KV_sum,DO,0.08 (6.14),18.27 (8.29),1.63 (0.74),-2.36 (1.00)
X9_verbalni_fluence_KV_sum,VE,-5.91 (10.54),13.93 (14.95),2.30 (1.22),-1.78 (1.73)
X9_verbalni_fluence_KV_sum,KOD,-14.64 (4.07),20.59 (5.31),3.19 (0.48),-2.34 (0.64)
X9_verbalni_fluence_KV_sum,PO,7.54 (6.57),0.73 (9.10),0.55 (0.76),-0.05 (1.06)
X9_verbalni_fluence_KV_sum,ŘO,-7.10 (4.03),16.38 (5.26),2.07 (0.44),-1.70 (0.57)
X9_verbalni_fluence_KV_sum,POČ,-9.69 (8.51),-4.73 (11.41),3.00 (1.09),0.52 (1.46)
X9_verbalni_fluence_KV_sum,KOS,-13.94 (7.05),29.40 (8.50),3.23 (0.91),-3.64 (1.11)
X9_verbalni_fluence_KV_sum,SLO,-8.27 (6.60),5.53 (9.30),2.56 (0.82),-0.63 (1.15)
X9_verbalni_fluence_KV_sum,POR,-9.13 (4.26),6.63 (5.67),2.53 (0.52),-0.61 (0.69)
X9_verbalni_fluence_zvire_sum,DO,8.26 (3.89),11.33 (5.25),0.80 (0.47),-1.45 (0.63)
X9_verbalni_fluence_zvire_sum,VE,8.93 (6.60),-5.70 (9.36),0.82 (0.76),0.48 (1.08)
X9_verbalni_fluence_zvire_sum,KOD,5.87 (3.27),3.54 (4.28),1.09 (0.39),-0.45 (0.51)
X9_verbalni_fluence_zvire_sum,PO,7.09 (4.67),3.18 (6.47),0.94 (0.54),-0.46 (0.75)
X9_verbalni_fluence_zvire_sum,ŘO,6.82 (3.05),6.46 (3.99),1.01 (0.33),-0.89 (0.43)
X9_verbalni_fluence_zvire_sum,POČ,8.08 (6.12),-10.07 (8.20),0.82 (0.78),1.31 (1.05)
X9_verbalni_fluence_zvire_sum,KOS,7.72 (4.98),10.16 (6.00),0.90 (0.65),-1.39 (0.79)
X9_verbalni_fluence_zvire_sum,SLO,12.54 (5.44),-3.00 (7.67),0.25 (0.67),0.36 (0.95)
X9_verbalni_fluence_zvire_sum,POR,14.85 (3.74),-4.66 (4.99),-0.07 (0.45),0.60 (0.61)
X9_verbalni_fluence_switch_sum,DO,3.82 (2.24),10.11 (3.03),0.74 (0.27),-1.26 (0.36)
X9_verbalni_fluence_switch_sum,VE,2.40 (3.59),3.71 (5.09),0.95 (0.41),-0.53 (0.59)
X9_verbalni_fluence_switch_sum,KOD,-1.83 (1.83),8.14 (2.39),1.48 (0.22),-1.04 (0.29)
X9_verbalni_fluence_switch_sum,PO,-0.34 (2.56),8.91 (3.55),1.16 (0.30),-1.02 (0.41)
X9_verbalni_fluence_switch_sum,ŘO,2.35 (1.72),6.11 (2.25),0.86 (0.19),-0.72 (0.24)
X9_verbalni_fluence_switch_sum,POČ,-3.94 (3.72),5.38 (4.99),1.72 (0.48),-0.64 (0.64)
X9_verbalni_fluence_switch_sum,KOS,-1.49 (2.94),12.87 (3.54),1.44 (0.38),-1.67 (0.46)
X9_verbalni_fluence_switch_sum,SLO,-1.95 (2.80),7.33 (3.95),1.47 (0.35),-0.92 (0.49)
X9_verbalni_fluence_switch_sum,POR,2.10 (2.16),3.90 (2.88),0.97 (0.26),-0.49 (0.35)
X9_verbalni_fluence_switch_pocet_switch,DO,1.73 (2.25),10.41 (3.04),0.83 (0.27),-1.27 (0.37)
X9_verbalni_fluence_switch_pocet_switch,VE,-0.99 (3.56),5.86 (5.06),1.19 (0.41),-0.76 (0.58)
X9_verbalni_fluence_switch_pocet_switch,KOD,-4.46 (1.75),9.71 (2.28),1.65 (0.21),-1.22 (0.27)
X9_verbalni_fluence_switch_pocet_switch,PO,-0.86 (2.50),8.12 (3.46),1.10 (0.29),-0.94 (0.40)
X9_verbalni_fluence_switch_pocet_switch,ŘO,0.89 (1.60),6.36 (2.08),0.85 (0.17),-0.70 (0.23)
X9_verbalni_fluence_switch_pocet_switch,POČ,-4.91 (3.40),5.54 (4.56),1.65 (0.43),-0.61 (0.59)
X9_verbalni_fluence_switch_pocet_switch,KOS,-3.58 (2.77),13.33 (3.33),1.54 (0.36),-1.70 (0.44)
X9_verbalni_fluence_switch_pocet_switch,SLO,-2.67 (2.71),6.91 (3.82),1.39 (0.34),-0.84 (0.47)
X9_verbalni_fluence_switch_pocet_switch,POR,0.53 (2.11),4.28 (2.81),1.01 (0.26),-0.52 (0.34)
X10_konfrontacni_pojmenovani_celkem_spont,DO,11.60 (2.44),5.01 (3.29),1.46 (0.29),-0.78 (0.40)
X10_konfrontacni_pojmenovani_celkem_spont,VE,16.70 (3.60),-5.08 (5.11),0.92 (0.42),0.30 (0.59)
X10_konfrontacni_pojmenovani_celkem_spont,KOD,10.35 (2.29),11.56 (2.99),1.62 (0.27),-1.59 (0.36)
X10_konfrontacni_pojmenovani_celkem_spont,PO,10.51 (2.99),5.29 (4.15),1.60 (0.35),-0.86 (0.48)
X10_konfrontacni_pojmenovani_celkem_spont,ŘO,13.54 (1.96),8.32 (2.60),1.17 (0.21),-1.15 (0.28)
X10_konfrontacni_pojmenovani_celkem_spont,POČ,8.33 (3.86),8.89 (5.17),1.88 (0.49),-1.25 (0.66)
X10_konfrontacni_pojmenovani_celkem_spont,KOS,5.61 (3.09),12.39 (3.73),2.34 (0.40),-1.77 (0.49)
X10_konfrontacni_pojmenovani_celkem_spont,SLO,9.86 (3.24),7.39 (4.57),1.69 (0.40),-1.08 (0.57)
X10_konfrontacni_pojmenovani_celkem_spont,POR,8.84 (2.42),12.30 (3.23),1.90 (0.29),-1.78 (0.39)
X10_konfrontacni_pojmenovani_celkem_kat,DO,1.13 (0.79),1.65 (1.06),-0.07 (0.09),-0.14 (0.13)
X10_konfrontacni_pojmenovani_celkem_kat,VE,1.35 (1.53),-0.83 (2.17),-0.04 (0.18),0.10 (0.25)
X10_konfrontacni_pojmenovani_celkem_kat,KOD,0.18 (0.73),0.20 (0.96),0.09 (0.09),0.01 (0.12)
X10_konfrontacni_pojmenovani_celkem_kat,PO,-0.45 (1.15),1.44 (1.59),0.15 (0.13),-0.14 (0.19)
X10_konfrontacni_pojmenovani_celkem_kat,ŘO,0.44 (0.71),1.38 (0.94),0.09 (0.07),-0.17 (0.10)
X10_konfrontacni_pojmenovani_celkem_kat,POČ,1.19 (1.38),-0.27 (1.85),-0.07 (0.18),0.09 (0.24)
X10_konfrontacni_pojmenovani_celkem_kat,KOS,0.67 (1.10),2.09 (1.33),0.02 (0.14),-0.25 (0.17)
X10_konfrontacni_pojmenovani_celkem_kat,SLO,1.47 (1.16),1.46 (1.64),-0.07 (0.14),-0.16 (0.20)
X10_konfrontacni_pojmenovani_celkem_kat,POR,1.42 (0.87),0.18 (1.16),-0.07 (0.11),0.01 (0.14)
X10_konfrontacni_pojmenovani_celkem_fon,DO,3.99 (1.81),2.08 (2.44),-0.03 (0.22),-0.12 (0.29)
X10_konfrontacni_pojmenovani_celkem_fon,VE,-1.74 (3.00),7.81 (4.26),0.56 (0.35),-0.70 (0.49)
X10_konfrontacni_pojmenovani_celkem_fon,KOD,4.37 (1.52),-0.12 (1.98),-0.18 (0.18),0.26 (0.24)
X10_konfrontacni_pojmenovani_celkem_fon,PO,4.24 (2.18),1.33 (3.03),-0.15 (0.25),0.07 (0.35)
X10_konfrontacni_pojmenovani_celkem_fon,ŘO,2.98 (1.37),0.91 (1.82),0.02 (0.15),0.09 (0.19)
X10_konfrontacni_pojmenovani_celkem_fon,POČ,2.86 (2.89),-2.91 (3.88),0.06 (0.37),0.58 (0.50)
X10_konfrontacni_pojmenovani_celkem_fon,KOS,2.83 (2.38),3.22 (2.87),0.03 (0.31),-0.20 (0.38)
X10_konfrontacni_pojmenovani_celkem_fon,SLO,2.81 (2.28),-2.90 (3.21),0.07 (0.28),0.55 (0.40)
X10_konfrontacni_pojmenovani_celkem_fon,POR,3.45 (1.65),-2.22 (2.20),-0.06 (0.20),0.53 (0.27)
X10_konfrontacni_pojmenovani_celkem_spont.kat,DO,12.73 (2.52),6.66 (3.40),1.40 (0.30),-0.92 (0.41)
X10_konfrontacni_pojmenovani_celkem_spont.kat,VE,18.05 (3.58),-5.91 (5.08),0.88 (0.41),0.41 (0.59)
X10_konfrontacni_pojmenovani_celkem_spont.kat,KOD,10.52 (2.16),11.77 (2.82),1.71 (0.26),-1.59 (0.34)
X10_konfrontacni_pojmenovani_celkem_spont.kat,PO,10.06 (2.98),6.73 (4.13),1.76 (0.35),-1.00 (0.48)
X10_konfrontacni_pojmenovani_celkem_spont.kat,ŘO,13.98 (2.11),9.70 (2.79),1.26 (0.22),-1.32 (0.30)
X10_konfrontacni_pojmenovani_celkem_spont.kat,POČ,9.51 (3.80),8.62 (5.10),1.82 (0.49),-1.16 (0.65)
X10_konfrontacni_pojmenovani_celkem_spont.kat,KOS,6.28 (3.09),14.48 (3.73),2.36 (0.40),-2.02 (0.49)
X10_konfrontacni_pojmenovani_celkem_spont.kat,SLO,11.33 (3.36),8.85 (4.73),1.62 (0.42),-1.24 (0.59)
X10_konfrontacni_pojmenovani_celkem_spont.kat,POR,10.26 (2.42),12.48 (3.22),1.83 (0.29),-1.77 (0.39)
X11_vybaveni_s_napovedou_sum_pojm,DO,18.70 (0.69),-0.13 (0.93),0.12 (0.08),-0.04 (0.11)
X11_vybaveni_s_napovedou_sum_pojm,VE,19.37 (0.99),1.32 (1.40),0.07 (0.11),-0.24 (0.16)
X11_vybaveni_s_napovedou_sum_pojm,KOD,18.63 (0.57),0.75 (0.75),0.13 (0.07),-0.15 (0.09)
X11_vybaveni_s_napovedou_sum_pojm,PO,18.07 (0.79),0.17 (1.10),0.19 (0.09),-0.08 (0.13)
X11_vybaveni_s_napovedou_sum_pojm,ŘO,18.68 (0.50),-0.12 (0.66),0.11 (0.05),-0.04 (0.07)
X11_vybaveni_s_napovedou_sum_pojm,POČ,17.08 (1.06),1.11 (1.43),0.34 (0.14),-0.21 (0.18)
X11_vybaveni_s_napovedou_sum_pojm,KOS,17.70 (0.81),-0.13 (0.97),0.26 (0.10),-0.03 (0.13)
X11_vybaveni_s_napovedou_sum_pojm,SLO,17.77 (0.85),0.15 (1.20),0.24 (0.11),-0.08 (0.15)
X11_vybaveni_s_napovedou_sum_pojm,POR,18.42 (0.65),-0.08 (0.87),0.15 (0.08),-0.04 (0.11)
X11_vybaveni_s_napovedou_sum_vybav,DO,18.87 (0.82),1.33 (1.11),0.07 (0.10),-0.14 (0.13)
X11_vybaveni_s_napovedou_sum_vybav,VE,19.29 (1.23),0.50 (1.75),0.05 (0.14),-0.06 (0.20)
X11_vybaveni_s_napovedou_sum_vybav,KOD,19.92 (0.61),-0.92 (0.80),-0.03 (0.07),0.12 (0.10)
X11_vybaveni_s_napovedou_sum_vybav,PO,18.77 (0.61),0.12 (0.85),0.12 (0.07),-0.03 (0.10)
X11_vybaveni_s_napovedou_sum_vybav,ŘO,19.95 (0.34),-0.41 (0.45),-0.01 (0.04),0.02 (0.05)
X11_vybaveni_s_napovedou_sum_vybav,POČ,19.12 (1.35),-0.27 (1.82),0.04 (0.17),0.07 (0.23)
X11_vybaveni_s_napovedou_sum_vybav,KOS,20.24 (0.93),-0.47 (1.12),-0.06 (0.12),0.05 (0.15)
X11_vybaveni_s_napovedou_sum_vybav,SLO,20.59 (0.99),-1.35 (1.39),-0.13 (0.12),0.18 (0.17)
X11_vybaveni_s_napovedou_sum_vybav,POR,20.11 (0.72),-1.05 (0.95),-0.06 (0.09),0.13 (0.12)
X11_vybaveni_s_napovedou_sum_spont_vybav,DO,3.12 (2.16),7.35 (2.92),0.57 (0.26),-0.76 (0.35)
X11_vybaveni_s_napovedou_sum_spont_vybav,VE,7.27 (4.89),-2.02 (6.93),0.34 (0.56),0.09 (0.80)
X11_vybaveni_s_napovedou_sum_spont_vybav,KOD,3.68 (2.18),3.45 (2.85),0.60 (0.26),-0.37 (0.34)
X11_vybaveni_s_napovedou_sum_spont_vybav,PO,0.28 (3.07),6.07 (4.25),0.95 (0.36),-0.64 (0.49)
X11_vybaveni_s_napovedou_sum_spont_vybav,ŘO,3.25 (1.88),2.87 (2.49),0.63 (0.20),-0.30 (0.27)
X11_vybaveni_s_napovedou_sum_spont_vybav,POČ,-4.79 (3.14),5.20 (4.21),1.61 (0.40),-0.50 (0.54)
X11_vybaveni_s_napovedou_sum_spont_vybav,KOS,2.16 (3.56),4.93 (4.29),0.79 (0.46),-0.53 (0.56)
X11_vybaveni_s_napovedou_sum_spont_vybav,SLO,0.80 (3.82),5.84 (5.39),1.03 (0.47),-0.74 (0.67)
X11_vybaveni_s_napovedou_sum_spont_vybav,POR,2.63 (2.52),3.05 (3.36),0.73 (0.31),-0.32 (0.41)
X11_vybaveni_s_napovedou_sum_napoveda,DO,10.36 (2.44),-1.62 (3.29),-0.14 (0.29),0.23 (0.40)
X11_vybaveni_s_napovedou_sum_napoveda,VE,4.79 (4.53),6.05 (6.42),0.34 (0.52),-0.50 (0.74)
X11_vybaveni_s_napovedou_sum_napoveda,KOD,10.50 (2.26),0.62 (2.95),-0.16 (0.27),-0.05 (0.35)
X11_vybaveni_s_napovedou_sum_napoveda,PO,13.17 (2.82),-2.97 (3.91),-0.43 (0.33),0.35 (0.46)
X11_vybaveni_s_napovedou_sum_napoveda,ŘO,11.74 (1.82),0.66 (2.42),-0.30 (0.19),-0.04 (0.26)
X11_vybaveni_s_napovedou_sum_napoveda,POČ,11.84 (3.56),4.38 (4.77),-0.31 (0.45),-0.56 (0.61)
X11_vybaveni_s_napovedou_sum_napoveda,KOS,13.62 (3.65),-2.54 (4.40),-0.57 (0.47),0.36 (0.58)
X11_vybaveni_s_napovedou_sum_napoveda,SLO,10.75 (3.74),1.52 (5.27),-0.23 (0.46),-0.12 (0.65)
X11_vybaveni_s_napovedou_sum_napoveda,POR,10.88 (2.62),1.44 (3.49),-0.20 (0.32),-0.16 (0.43)
X11_vybaveni_s_napovedou_sum_konfab,DO,1.74 (0.84),-0.39 (1.13),-0.14 (0.10),0.06 (0.14)
X11_vybaveni_s_napovedou_sum_konfab,VE,0.54 (1.12),-0.01 (1.59),-0.03 (0.13),0.05 (0.18)
X11_vybaveni_s_napovedou_sum_konfab,KOD,0.81 (0.57),-1.09 (0.74),-0.05 (0.07),0.17 (0.09)
X11_vybaveni_s_napovedou_sum_konfab,PO,1.54 (0.79),0.15 (1.09),-0.14 (0.09),0.02 (0.13)
X11_vybaveni_s_napovedou_sum_konfab,ŘO,0.76 (0.53),-0.15 (0.70),-0.04 (0.06),0.05 (0.08)
X11_vybaveni_s_napovedou_sum_konfab,POČ,1.41 (1.30),-0.85 (1.74),-0.11 (0.17),0.13 (0.22)
X11_vybaveni_s_napovedou_sum_konfab,KOS,1.00 (0.91),0.04 (1.10),-0.08 (0.12),0.03 (0.14)
X11_vybaveni_s_napovedou_sum_konfab,SLO,-0.04 (0.89),1.17 (1.25),0.05 (0.11),-0.11 (0.16)
X11_vybaveni_s_napovedou_sum_konfab,POR,0.78 (0.71),0.10 (0.94),-0.04 (0.09),0.02 (0.11)
X11_vybaveni_s_napovedou_sum_vybav_spont_napoveda,DO,13.49 (2.38),5.73 (3.22),0.44 (0.29),-0.53 (0.39)
X11_vybaveni_s_napovedou_sum_vybav_spont_napoveda,VE,12.07 (3.44),4.03 (4.88),0.68 (0.40),-0.41 (0.56)
X11_vybaveni_s_napovedou_sum_vybav_spont_napoveda,KOD,14.18 (1.78),4.07 (2.33),0.44 (0.21),-0.42 (0.28)
X11_vybaveni_s_napovedou_sum_vybav_spont_napoveda,PO,13.45 (2.16),3.10 (2.99),0.52 (0.25),-0.29 (0.35)
X11_vybaveni_s_napovedou_sum_vybav_spont_napoveda,ŘO,14.99 (1.49),3.53 (1.98),0.33 (0.16),-0.34 (0.21)
X11_vybaveni_s_napovedou_sum_vybav_spont_napoveda,POČ,7.05 (3.45),9.57 (4.62),1.30 (0.44),-1.06 (0.59)
X11_vybaveni_s_napovedou_sum_vybav_spont_napoveda,KOS,15.78 (3.01),2.39 (3.63),0.21 (0.39),-0.18 (0.48)
X11_vybaveni_s_napovedou_sum_vybav_spont_napoveda,SLO,11.55 (2.80),7.36 (3.95),0.80 (0.35),-0.86 (0.49)
X11_vybaveni_s_napovedou_sum_vybav_spont_napoveda,POR,13.50 (2.06),4.48 (2.74),0.53 (0.25),-0.48 (0.33)
X12_prospektivni_pamet_pro_pa_1.8_sum,DO,1.38 (2.72),9.86 (3.67),1.06 (0.33),-1.25 (0.44)
X12_prospektivni_pamet_pro_pa_1.8_sum,VE,2.58 (4.09),9.52 (5.80),0.91 (0.47),-1.18 (0.67)
X12_prospektivni_pamet_pro_pa_1.8_sum,KOD,2.47 (2.10),7.76 (2.75),0.91 (0.25),-0.98 (0.33)
X12_prospektivni_pamet_pro_pa_1.8_sum,PO,-2.38 (3.14),10.72 (4.34),1.49 (0.36),-1.33 (0.51)
X12_prospektivni_pamet_pro_pa_1.8_sum,ŘO,3.72 (1.82),3.08 (2.41),0.78 (0.19),-0.44 (0.26)
X12_prospektivni_pamet_pro_pa_1.8_sum,POČ,0.31 (4.35),6.66 (5.83),1.16 (0.56),-0.81 (0.75)
X12_prospektivni_pamet_pro_pa_1.8_sum,KOS,-0.21 (3.20),7.25 (3.86),1.27 (0.41),-0.90 (0.51)
X12_prospektivni_pamet_pro_pa_1.8_sum,SLO,2.99 (3.30),7.46 (4.65),0.83 (0.41),-0.92 (0.58)
X12_prospektivni_pamet_pro_pa_1.8_sum,POR,1.66 (2.59),6.77 (3.45),0.99 (0.31),-0.83 (0.42)
X12_prospektivni_pamet_rekogn_sum,DO,6.97 (0.79),1.06 (1.07),0.08 (0.09),-0.13 (0.13)
X12_prospektivni_pamet_rekogn_sum,VE,6.01 (1.15),0.17 (1.63),0.20 (0.13),-0.04 (0.19)
X12_prospektivni_pamet_rekogn_sum,KOD,6.62 (0.71),0.34 (0.93),0.10 (0.08),-0.02 (0.11)
X12_prospektivni_pamet_rekogn_sum,PO,5.95 (0.89),0.32 (1.23),0.20 (0.10),-0.05 (0.14)
X12_prospektivni_pamet_rekogn_sum,ŘO,6.17 (0.63),1.40 (0.83),0.15 (0.07),-0.15 (0.09)
X12_prospektivni_pamet_rekogn_sum,POČ,4.94 (1.46),0.94 (1.96),0.31 (0.19),-0.09 (0.25)
X12_prospektivni_pamet_rekogn_sum,KOS,5.48 (1.10),2.35 (1.32),0.26 (0.14),-0.29 (0.17)
X12_prospektivni_pamet_rekogn_sum,SLO,5.83 (1.07),1.70 (1.51),0.22 (0.13),-0.21 (0.19)
X12_prospektivni_pamet_rekogn_sum,POR,5.70 (0.84),0.91 (1.12),0.21 (0.10),-0.08 (0.14)
X13_porozumeni_pokynum_sumaHS,DO,41.87 (3.64),5.08 (4.89),1.55 (0.43),-1.10 (0.59)
X13_porozumeni_pokynum_sumaHS,VE,37.03 (5.12),19.21 (7.27),2.10 (0.59),-2.76 (0.84)
X13_porozumeni_pokynum_sumaHS,KOD,39.00 (3.04),10.96 (3.97),1.67 (0.36),-1.60 (0.48)
X13_porozumeni_pokynum_sumaHS,PO,31.35 (4.50),18.39 (6.23),2.60 (0.52),-2.50 (0.73)
X13_porozumeni_pokynum_sumaHS,ŘO,39.14 (2.71),8.63 (3.54),1.59 (0.29),-1.27 (0.38)
X13_porozumeni_pokynum_sumaHS,POČ,24.26 (6.42),16.73 (8.57),3.70 (0.82),-2.45 (1.10)
X13_porozumeni_pokynum_sumaHS,KOS,31.21 (4.62),16.45 (5.57),2.78 (0.60),-2.37 (0.73)
X13_porozumeni_pokynum_sumaHS,SLO,31.15 (5.07),14.32 (7.14),2.72 (0.63),-2.08 (0.89)
X13_porozumeni_pokynum_sumaHS,POR,37.86 (3.65),7.17 (4.87),1.87 (0.44),-1.17 (0.59)
X15_motoricka_koordinace_prava_r1_celk_cas,DO,18.02 (6.89),4.97 (9.31),-0.48 (0.83),-0.41 (1.12)
X15_motoricka_koordinace_prava_r1_celk_cas,VE,12.73 (10.81),-8.60 (15.34),0.14 (1.25),1.22 (1.77)
X15_motoricka_koordinace_prava_r1_celk_cas,KOD,19.13 (5.94),0.75 (7.31),-0.76 (0.73),0.23 (0.90)
X15_motoricka_koordinace_prava_r1_celk_cas,PO,21.17 (7.32),-7.30 (10.13),-1.02 (0.85),1.25 (1.18)
X15_motoricka_koordinace_prava_r1_celk_cas,ŘO,18.10 (4.32),6.93 (5.73),-0.62 (0.46),-0.44 (0.61)
X15_motoricka_koordinace_prava_r1_celk_cas,POČ,14.37 (10.27),5.54 (13.78),-0.14 (1.31),-0.39 (1.77)
X15_motoricka_koordinace_prava_r1_celk_cas,KOS,19.53 (7.57),9.06 (9.13),-0.77 (0.98),-1.00 (1.20)
X15_motoricka_koordinace_prava_r1_celk_cas,SLO,18.72 (8.66),3.88 (12.21),-0.60 (1.07),-0.25 (1.52)
X15_motoricka_koordinace_prava_r1_celk_cas,POR,20.28 (6.43),-9.89 (8.58),-0.83 (0.78),1.52 (1.05)
X15_motoricka_koordinace_prava_r2_celk_cas,DO,38.65 (10.35),13.42 (13.98),-1.38 (1.24),-1.02 (1.68)
X15_motoricka_koordinace_prava_r2_celk_cas,VE,27.87 (16.09),-4.82 (22.77),-0.25 (1.86),1.38 (2.63)
X15_motoricka_koordinace_prava_r2_celk_cas,KOD,48.60 (10.20),-16.78 (12.56),-2.66 (1.26),2.78 (1.55)
X15_motoricka_koordinace_prava_r2_celk_cas,PO,39.47 (12.06),-10.93 (16.70),-1.39 (1.40),1.90 (1.94)
X15_motoricka_koordinace_prava_r2_celk_cas,ŘO,41.38 (7.37),4.46 (9.77),-1.54 (0.78),0.03 (1.05)
X15_motoricka_koordinace_prava_r2_celk_cas,POČ,43.79 (16.79),-17.52 (22.53),-2.11 (2.15),2.96 (2.89)
X15_motoricka_koordinace_prava_r2_celk_cas,KOS,51.34 (12.60),6.55 (15.18),-3.03 (1.63),-0.46 (1.99)
X15_motoricka_koordinace_prava_r2_celk_cas,SLO,44.04 (13.33),-0.87 (18.78),-2.18 (1.65),0.87 (2.33)
X15_motoricka_koordinace_prava_r2_celk_cas,POR,47.28 (9.92),-25.22 (13.23),-2.53 (1.20),3.90 (1.61)
X15_motoricka_koordinace_prava_r3_celk_cas,DO,63.95 (13.98),13.44 (18.88),-2.53 (1.67),-0.99 (2.27)
X15_motoricka_koordinace_prava_r3_celk_cas,VE,41.99 (23.67),1.04 (33.50),-0.12 (2.73),0.83 (3.87)
X15_motoricka_koordinace_prava_r3_celk_cas,KOD,73.23 (14.13),-25.44 (17.42),-3.82 (1.74),4.00 (2.14)
X15_motoricka_koordinace_prava_r3_celk_cas,PO,62.93 (15.68),-16.77 (21.72),-2.40 (1.82),2.75 (2.53)
X15_motoricka_koordinace_prava_r3_celk_cas,ŘO,63.22 (9.80),5.27 (12.99),-2.36 (1.04),0.12 (1.39)
X15_motoricka_koordinace_prava_r3_celk_cas,POČ,67.06 (21.96),-20.53 (29.46),-3.23 (2.81),3.57 (3.78)
X15_motoricka_koordinace_prava_r3_celk_cas,KOS,75.98 (17.06),4.31 (20.56),-4.32 (2.21),-0.02 (2.70)
X15_motoricka_koordinace_prava_r3_celk_cas,SLO,69.77 (17.84),1.62 (25.14),-3.51 (2.21),0.70 (3.12)
X15_motoricka_koordinace_prava_r3_celk_cas,POR,70.85 (13.88),-29.49 (18.50),-3.60 (1.68),4.60 (2.26)
X15_motoricka_koordinace_prava_r4_celk_cas,DO,86.68 (17.82),13.95 (24.07),-3.64 (2.13),-0.52 (2.89)
X15_motoricka_koordinace_prava_r4_celk_cas,VE,59.17 (29.90),8.53 (42.32),-0.42 (3.45),0.37 (4.89)
X15_motoricka_koordinace_prava_r4_celk_cas,KOD,98.47 (16.81),-36.23 (21.97),-4.80 (1.99),5.44 (2.64)
X15_motoricka_koordinace_prava_r4_celk_cas,PO,98.07 (20.93),-34.94 (28.99),-4.69 (2.43),5.18 (3.38)
X15_motoricka_koordinace_prava_r4_celk_cas,ŘO,90.55 (14.06),-4.43 (18.64),-3.53 (1.49),1.35 (2.00)
X15_motoricka_koordinace_prava_r4_celk_cas,POČ,105.94 (29.35),-38.36 (39.37),-6.19 (3.75),6.15 (5.05)
X15_motoricka_koordinace_prava_r4_celk_cas,KOS,116.90 (23.64),-10.35 (28.49),-7.63 (3.06),2.16 (3.74)
X15_motoricka_koordinace_prava_r4_celk_cas,SLO,105.53 (23.98),-7.01 (33.80),-6.16 (2.97),2.21 (4.20)
X15_motoricka_koordinace_prava_r4_celk_cas,POR,102.87 (19.62),-41.35 (26.15),-5.46 (2.38),6.18 (3.19)
X15_motoricka_koordinace_leva_r1_celk_cas,DO,19.54 (7.21),15.30 (9.74),-0.54 (0.86),-1.47 (1.17)
X15_motoricka_koordinace_leva_r1_celk_cas,VE,12.09 (11.47),25.52 (16.28),0.31 (1.33),-2.52 (1.88)
X15_motoricka_koordinace_leva_r1_celk_cas,KOD,31.08 (7.03),-12.68 (8.66),-1.96 (0.87),2.00 (1.07)
X15_motoricka_koordinace_leva_r1_celk_cas,PO,29.04 (8.53),-5.13 (11.82),-1.68 (0.99),1.06 (1.38)
X15_motoricka_koordinace_leva_r1_celk_cas,ŘO,24.12 (5.35),0.88 (7.09),-0.92 (0.57),0.19 (0.76)
X15_motoricka_koordinace_leva_r1_celk_cas,POČ,30.76 (11.32),-12.95 (15.18),-2.08 (1.45),2.20 (1.95)
X15_motoricka_koordinace_leva_r1_celk_cas,KOS,33.72 (8.58),1.43 (10.34),-2.35 (1.11),0.05 (1.36)
X15_motoricka_koordinace_leva_r1_celk_cas,SLO,36.37 (9.87),-0.73 (13.92),-2.53 (1.22),0.39 (1.73)
X15_motoricka_koordinace_leva_r1_celk_cas,POR,24.75 (7.58),-8.29 (10.10),-1.14 (0.92),1.42 (1.23)
X15_motoricka_koordinace_leva_r2_celk_cas,DO,43.40 (11.31),21.10 (15.29),-1.65 (1.36),-1.72 (1.84)
X15_motoricka_koordinace_leva_r2_celk_cas,VE,23.35 (19.83),55.12 (28.14),0.84 (2.29),-5.62 (3.25)
X15_motoricka_koordinace_leva_r2_celk_cas,KOD,64.95 (13.01),-26.72 (16.04),-4.09 (1.61),3.99 (1.97)
X15_motoricka_koordinace_leva_r2_celk_cas,PO,56.38 (14.39),-12.03 (19.93),-2.97 (1.67),2.15 (2.32)
X15_motoricka_koordinace_leva_r2_celk_cas,ŘO,54.39 (9.67),-4.22 (12.82),-2.39 (1.03),0.93 (1.37)
X15_motoricka_koordinace_leva_r2_celk_cas,POČ,50.02 (20.19),-13.22 (27.08),-2.34 (2.58),2.43 (3.47)
X15_motoricka_koordinace_leva_r2_celk_cas,KOS,68.35 (15.77),1.66 (19.01),-4.52 (2.04),-0.01 (2.49)
X15_motoricka_koordinace_leva_r2_celk_cas,SLO,59.43 (15.51),-7.80 (21.87),-3.62 (1.92),1.83 (2.72)
X15_motoricka_koordinace_leva_r2_celk_cas,POR,48.66 (11.45),-31.36 (15.26),-2.23 (1.39),4.80 (1.86)
X15_motoricka_koordinace_leva_r3_celk_cas,DO,69.05 (19.64),28.98 (26.54),-2.80 (2.35),-1.86 (3.19)
X15_motoricka_koordinace_leva_r3_celk_cas,VE,31.63 (32.48),65.78 (46.09),1.55 (3.75),-5.85 (5.33)
X15_motoricka_koordinace_leva_r3_celk_cas,KOD,101.39 (20.78),-34.19 (25.60),-6.46 (2.56),5.61 (3.15)
X15_motoricka_koordinace_leva_r3_celk_cas,PO,79.89 (23.31),-6.14 (32.28),-3.79 (2.71),2.23 (3.76)
X15_motoricka_koordinace_leva_r3_celk_cas,ŘO,84.18 (14.93),7.58 (19.80),-3.63 (1.58),0.04 (2.12)
X15_motoricka_koordinace_leva_r3_celk_cas,POČ,74.53 (32.58),9.60 (43.70),-3.37 (4.16),0.30 (5.61)
X15_motoricka_koordinace_leva_r3_celk_cas,KOS,114.43 (24.10),7.96 (29.05),-8.26 (3.12),-0.34 (3.81)
X15_motoricka_koordinace_leva_r3_celk_cas,SLO,88.63 (24.91),5.53 (35.11),-5.43 (3.09),1.19 (4.36)
X15_motoricka_koordinace_leva_r3_celk_cas,POR,80.78 (19.61),-42.84 (26.14),-4.06 (2.38),6.95 (3.19)
X15_motoricka_koordinace_leva_r4_celk_cas,DO,102.14 (27.46),29.14 (37.10),-4.67 (3.29),-1.43 (4.46)
X15_motoricka_koordinace_leva_r4_celk_cas,VE,60.07 (45.53),93.36 (64.61),0.29 (5.26),-8.60 (7.47)
X15_motoricka_koordinace_leva_r4_celk_cas,KOD,122.49 (23.99),-27.42 (31.36),-6.66 (2.85),5.01 (3.77)
X15_motoricka_koordinace_leva_r4_celk_cas,PO,117.47 (32.46),-5.43 (44.95),-6.15 (3.78),2.61 (5.23)
X15_motoricka_koordinace_leva_r4_celk_cas,ŘO,112.49 (20.09),14.07 (26.63),-4.87 (2.13),-0.24 (2.85)
X15_motoricka_koordinace_leva_r4_celk_cas,POČ,107.86 (45.89),4.76 (61.57),-5.26 (5.87),1.31 (7.90)
X15_motoricka_koordinace_leva_r4_celk_cas,KOS,148.04 (32.30),21.46 (38.93),-10.40 (4.19),-1.74 (5.10)
X15_motoricka_koordinace_leva_r4_celk_cas,SLO,125.68 (34.98),2.66 (49.31),-7.84 (4.34),2.02 (6.12)
X15_motoricka_koordinace_leva_r4_celk_cas,POR,113.21 (26.68),-70.12 (35.58),-5.74 (3.23),10.73 (4.34)
X16_zrakove_motoricka_presnost_chyba_vyjeti_sum,DO,122.29 (25.99),-81.27 (35.12),-10.56 (3.11),8.28 (4.22)
X16_zrakove_motoricka_presnost_chyba_vyjeti_sum,VE,101.49 (33.58),-34.52 (47.66),-9.20 (3.88),4.03 (5.51)
X16_zrakove_motoricka_presnost_chyba_vyjeti_sum,KOD,92.03 (20.86),-54.86 (27.27),-7.30 (2.47),5.43 (3.28)
X16_zrakove_motoricka_presnost_chyba_vyjeti_sum,PO,135.82 (32.29),-94.86 (44.72),-11.94 (3.76),9.77 (5.21)
X16_zrakove_motoricka_presnost_chyba_vyjeti_sum,ŘO,94.01 (18.02),-51.26 (23.88),-6.80 (1.91),4.49 (2.56)
X16_zrakove_motoricka_presnost_chyba_vyjeti_sum,POČ,136.91 (45.14),-82.54 (60.56),-12.50 (5.77),8.37 (7.77)
X16_zrakove_motoricka_presnost_chyba_vyjeti_sum,KOS,117.81 (32.77),-63.10 (39.50),-10.67 (4.25),6.21 (5.18)
X16_zrakove_motoricka_presnost_chyba_vyjeti_sum,SLO,152.01 (35.28),-116.23 (49.74),-14.59 (4.38),12.94 (6.18)
X16_zrakove_motoricka_presnost_chyba_vyjeti_sum,POR,102.54 (24.31),-83.96 (32.41),-8.78 (2.95),9.31 (3.95)
X16_zrakove_motoricka_presnost_chyba_preruseni_linky,DO,11.33 (6.05),-4.27 (8.17),-0.69 (0.72),0.52 (0.98)
X16_zrakove_motoricka_presnost_chyba_preruseni_linky,VE,12.98 (8.12),-21.32 (11.52),-0.97 (0.94),2.61 (1.33)
X16_zrakove_motoricka_presnost_chyba_preruseni_linky,KOD,9.62 (4.96),-8.04 (6.48),-0.29 (0.59),0.82 (0.78)
X16_zrakove_motoricka_presnost_chyba_preruseni_linky,PO,16.95 (6.97),-16.53 (9.65),-1.31 (0.81),1.94 (1.12)
X16_zrakove_motoricka_presnost_chyba_preruseni_linky,ŘO,14.30 (4.58),-6.69 (6.07),-0.80 (0.49),0.58 (0.65)
X16_zrakove_motoricka_presnost_chyba_preruseni_linky,POČ,19.99 (10.26),-17.47 (13.76),-1.69 (1.31),2.11 (1.77)
X16_zrakove_motoricka_presnost_chyba_preruseni_linky,KOS,18.36 (7.42),-12.42 (8.95),-1.56 (0.96),1.53 (1.17)
X16_zrakove_motoricka_presnost_chyba_preruseni_linky,SLO,12.42 (7.68),-8.94 (10.83),-0.74 (0.95),1.02 (1.34)
X16_zrakove_motoricka_presnost_chyba_preruseni_linky,POR,16.10 (5.64),-5.00 (7.53),-1.11 (0.68),0.42 (0.92)
X16_zrakove_motoricka_presnost_chyba_otoceni_papiru,DO,0.67 (0.74),-1.80 (1.00),-0.05 (0.09),0.23 (0.12)
X16_zrakove_motoricka_presnost_chyba_otoceni_papiru,VE,1.69 (1.22),-2.99 (1.73),-0.17 (0.14),0.36 (0.20)
X16_zrakove_motoricka_presnost_chyba_otoceni_papiru,KOD,0.37 (0.64),-0.10 (0.83),-0.01 (0.08),0.02 (0.10)
X16_zrakove_motoricka_presnost_chyba_otoceni_papiru,PO,0.55 (0.72),0.04 (1.00),-0.05 (0.08),0.02 (0.12)
X16_zrakove_motoricka_presnost_chyba_otoceni_papiru,ŘO,0.66 (0.53),-0.70 (0.70),-0.05 (0.06),0.10 (0.08)
X16_zrakove_motoricka_presnost_chyba_otoceni_papiru,POČ,0.73 (1.29),-0.39 (1.73),-0.05 (0.16),0.05 (0.22)
X16_zrakove_motoricka_presnost_chyba_otoceni_papiru,KOS,-0.26 (0.97),-0.24 (1.17),0.08 (0.13),0.04 (0.15)
X16_zrakove_motoricka_presnost_chyba_otoceni_papiru,SLO,0.70 (1.00),-0.30 (1.40),-0.05 (0.12),0.05 (0.17)
X16_zrakove_motoricka_presnost_chyba_otoceni_papiru,POR,0.43 (0.76),0.25 (1.01),-0.00 (0.09),-0.04 (0.12)
X16_zrakove_motoricka_presnost_cas_adm_sek,DO,108.25 (49.17),-21.65 (67.21),3.01 (5.89),0.47 (8.14)
X16_zrakove_motoricka_presnost_cas_adm_sek,VE,127.55 (64.97),-80.51 (92.40),-0.14 (7.51),7.97 (10.67)
X16_zrakove_motoricka_presnost_cas_adm_sek,KOD,147.97 (40.70),-49.29 (53.23),-0.96 (4.83),2.96 (6.39)
X16_zrakove_motoricka_presnost_cas_adm_sek,PO,168.20 (57.50),-116.32 (79.65),-5.23 (6.69),12.64 (9.27)
X16_zrakove_motoricka_presnost_cas_adm_sek,ŘO,174.69 (30.68),-69.64 (40.69),-5.13 (3.26),6.19 (4.36)
X16_zrakove_motoricka_presnost_cas_adm_sek,POČ,264.24 (75.76),-206.18 (102.22),-17.29 (9.68),24.66 (13.14)
X16_zrakove_motoricka_presnost_cas_adm_sek,KOS,223.01 (52.07),-167.14 (62.88),-13.00 (6.75),21.19 (8.27)
X16_zrakove_motoricka_presnost_cas_adm_sek,SLO,188.85 (60.17),-98.20 (85.24),-7.75 (7.46),10.75 (10.62)
X16_zrakove_motoricka_presnost_cas_adm_sek,POR,169.48 (42.56),-53.82 (56.94),-4.93 (5.16),4.74 (6.97)
X17_zrakove_vnimani_sum_spravne,DO,9.93 (2.23),2.84 (3.01),0.72 (0.27),-0.36 (0.36)
X17_zrakove_vnimani_sum_spravne,VE,13.09 (3.14),-5.26 (4.46),0.41 (0.36),0.51 (0.52)
X17_zrakove_vnimani_sum_spravne,KOD,11.36 (1.88),2.37 (2.46),0.57 (0.22),-0.32 (0.30)
X17_zrakove_vnimani_sum_spravne,PO,13.64 (2.45),-1.14 (3.39),0.40 (0.29),-0.02 (0.40)
X17_zrakove_vnimani_sum_spravne,ŘO,11.36 (1.50),-0.05 (1.99),0.50 (0.16),0.01 (0.21)
X17_zrakove_vnimani_sum_spravne,POČ,13.90 (3.42),-0.73 (4.59),0.41 (0.44),-0.08 (0.59)
X17_zrakove_vnimani_sum_spravne,KOS,13.72 (2.90),-1.37 (3.49),0.24 (0.38),0.22 (0.46)
X17_zrakove_vnimani_sum_spravne,SLO,12.82 (2.91),2.94 (4.10),0.38 (0.36),-0.39 (0.51)
X17_zrakove_vnimani_sum_spravne,POR,12.54 (2.18),4.81 (2.90),0.39 (0.26),-0.60 (0.35)
X17_zrakove_vnimani_cas_adm_sek,DO,243.39 (44.14),-87.13 (59.64),-8.34 (5.29),4.99 (7.17)
X17_zrakove_vnimani_cas_adm_sek,VE,137.83 (64.05),24.55 (90.89),2.54 (7.40),-6.39 (10.51)
X17_zrakove_vnimani_cas_adm_sek,KOD,265.55 (35.15),-117.74 (45.94),-11.44 (4.17),9.06 (5.52)
X17_zrakove_vnimani_cas_adm_sek,PO,247.04 (49.24),-164.68 (68.20),-8.65 (5.73),14.23 (7.94)
X17_zrakove_vnimani_cas_adm_sek,ŘO,292.36 (23.18),-173.50 (30.72),-14.14 (2.46),15.35 (3.29)
X17_zrakove_vnimani_cas_adm_sek,POČ,296.87 (55.38),-181.95 (74.30),-14.96 (7.08),16.84 (9.53)
X17_zrakove_vnimani_cas_adm_sek,KOS,311.27 (45.46),-166.81 (54.79),-18.59 (5.89),16.49 (7.18)
X17_zrakove_vnimani_cas_adm_sek,SLO,295.74 (51.13),-192.38 (72.08),-16.05 (6.34),19.33 (8.95)
X17_zrakove_vnimani_cas_adm_sek,POR,321.57 (35.29),-225.02 (47.06),-18.99 (4.28),23.18 (5.74)
X18_zrakove_prostorove_vnimani_sum_body,DO,7.41 (3.01),7.51 (4.07),1.57 (0.36),-1.24 (0.49)
X18_zrakove_prostorove_vnimani_sum_body,VE,14.73 (4.35),3.59 (6.17),0.74 (0.50),-0.83 (0.71)
X18_zrakove_prostorove_vnimani_sum_body,KOD,12.73 (2.20),4.28 (2.88),0.80 (0.26),-0.73 (0.35)
X18_zrakove_prostorove_vnimani_sum_body,PO,6.71 (3.79),10.37 (5.25),1.63 (0.44),-1.57 (0.61)
X18_zrakove_prostorove_vnimani_sum_body,ŘO,10.89 (2.02),3.37 (2.68),1.09 (0.21),-0.71 (0.29)
X18_zrakove_prostorove_vnimani_sum_body,POČ,8.17 (4.49),4.42 (6.03),1.49 (0.57),-0.84 (0.77)
X18_zrakove_prostorove_vnimani_sum_body,KOS,11.28 (3.15),-0.82 (3.80),0.99 (0.41),-0.00 (0.50)
X18_zrakove_prostorove_vnimani_sum_body,SLO,10.27 (3.69),0.03 (5.20),1.17 (0.46),-0.25 (0.65)
X18_zrakove_prostorove_vnimani_sum_body,POR,9.71 (2.74),6.14 (3.66),1.24 (0.33),-1.02 (0.45)
X19_orientace_v_prostoru_sum_body,DO,6.61 (6.18),15.92 (8.31),3.36 (0.74),-2.64 (1.00)
X19_orientace_v_prostoru_sum_body,VE,31.87 (10.08),0.49 (14.31),0.24 (1.17),-0.72 (1.65)
X19_orientace_v_prostoru_sum_body,KOD,10.08 (4.44),22.49 (5.81),2.87 (0.53),-3.42 (0.70)
X19_orientace_v_prostoru_sum_body,PO,-2.71 (7.38),27.90 (10.22),4.11 (0.86),-3.75 (1.19)
X19_orientace_v_prostoru_sum_body,ŘO,10.95 (4.26),16.33 (5.56),2.72 (0.46),-2.60 (0.60)
X19_orientace_v_prostoru_sum_body,POČ,8.69 (10.64),18.86 (14.21),2.85 (1.36),-2.75 (1.82)
X19_orientace_v_prostoru_sum_body,KOS,14.01 (6.81),9.95 (8.21),2.20 (0.88),-1.60 (1.08)
X19_orientace_v_prostoru_sum_body,SLO,12.42 (8.50),22.55 (11.99),2.54 (1.05),-3.38 (1.49)
X19_orientace_v_prostoru_sum_body,POR,15.34 (5.65),19.42 (7.54),2.02 (0.68),-2.84 (0.92)
X19_orientace_v_prostoru_cas_adm_sek,DO,370.66 (79.46),-279.93 (106.58),-19.10 (9.53),24.58 (12.82)
X19_orientace_v_prostoru_cas_adm_sek,VE,-48.65 (140.27),207.07 (199.05),32.84 (16.21),-35.61 (23.02)
X19_orientace_v_prostoru_cas_adm_sek,KOD,305.19 (66.62),-146.02 (87.00),-7.83 (7.94),4.68 (10.48)
X19_orientace_v_prostoru_cas_adm_sek,PO,273.63 (86.83),-114.03 (120.25),-9.79 (10.10),6.83 (14.00)
X19_orientace_v_prostoru_cas_adm_sek,ŘO,347.64 (63.80),-220.52 (83.28),-13.75 (6.93),14.62 (9.03)
X19_orientace_v_prostoru_cas_adm_sek,POČ,80.69 (129.93),84.02 (173.54),18.27 (16.55),-22.18 (22.22)
X19_orientace_v_prostoru_cas_adm_sek,KOS,88.09 (110.04),15.79 (132.62),23.25 (14.26),-18.96 (17.39)
X19_orientace_v_prostoru_cas_adm_sek,SLO,138.25 (121.48),29.82 (169.63),13.04 (15.18),-17.25 (21.15)
X19_orientace_v_prostoru_cas_adm_sek,POR,284.08 (78.65),-132.61 (104.87),-5.73 (9.53),3.59 (12.79)
X20_rozpoznavani_emoci_suma_body,DO,15.02 (3.53),8.25 (4.74),0.94 (0.42),-1.33 (0.57)
X20_rozpoznavani_emoci_suma_body,VE,20.55 (6.11),0.08 (8.68),0.21 (0.71),-0.27 (1.00)
X20_rozpoznavani_emoci_suma_body,KOD,13.76 (2.82),7.62 (3.69),1.12 (0.33),-1.28 (0.44)
X20_rozpoznavani_emoci_suma_body,PO,15.23 (4.14),-0.77 (5.74),0.87 (0.48),-0.19 (0.67)
X20_rozpoznavani_emoci_suma_body,ŘO,16.17 (2.47),3.22 (3.28),0.70 (0.26),-0.61 (0.35)
X20_rozpoznavani_emoci_suma_body,POČ,13.11 (6.24),2.74 (8.33),1.22 (0.79),-0.67 (1.07)
X20_rozpoznavani_emoci_suma_body,KOS,12.32 (4.41),5.72 (5.31),1.28 (0.57),-0.99 (0.70)
X20_rozpoznavani_emoci_suma_body,SLO,8.35 (4.36),10.87 (6.14),1.79 (0.54),-1.68 (0.76)
X20_rozpoznavani_emoci_suma_body,POR,13.34 (3.32),5.54 (4.43),1.14 (0.40),-0.98 (0.54)
X21_teorie_mysli_sum_body,DO,9.33 (2.29),-1.18 (3.07),0.37 (0.27),-0.24 (0.37)
X21_teorie_mysli_sum_body,VE,6.91 (3.73),-0.17 (5.29),0.64 (0.43),-0.36 (0.61)
X21_teorie_mysli_sum_body,KOD,5.73 (1.58),1.30 (2.06),0.74 (0.19),-0.46 (0.25)
X21_teorie_mysli_sum_body,PO,8.03 (2.48),-0.26 (3.43),0.49 (0.29),-0.32 (0.40)
X21_teorie_mysli_sum_body,ŘO,7.37 (1.44),0.07 (1.91),0.51 (0.15),-0.31 (0.20)
X21_teorie_mysli_sum_body,POČ,9.25 (3.73),-6.62 (4.98),0.36 (0.47),0.49 (0.64)
X21_teorie_mysli_sum_body,KOS,3.22 (2.65),3.34 (3.20),1.08 (0.34),-0.72 (0.42)
X21_teorie_mysli_sum_body,SLO,4.53 (2.44),-5.64 (3.44),0.96 (0.30),0.34 (0.43)
X21_teorie_mysli_sum_body,POR,7.16 (1.83),-2.97 (2.43),0.62 (0.22),0.02 (0.30)
X3_neverbalni_pamet_P1.4_HS,DO,18.54 (12.00),-2.70 (16.21),1.67 (1.44),-0.36 (1.95)
X3_neverbalni_pamet_P1.4_HS,VE,-6.67 (20.94),60.48 (29.72),5.43 (2.42),-8.63 (3.44)
X3_neverbalni_pamet_P1.4_HS,KOD,-3.06 (9.59),19.12 (12.53),4.99 (1.14),-3.66 (1.50)
X3_neverbalni_pamet_P1.4_HS,PO,-34.15 (15.98),57.58 (22.13),7.87 (1.86),-7.52 (2.58)
X3_neverbalni_pamet_P1.4_HS,ŘO,7.34 (7.89),-0.21 (10.45),3.65 (0.84),-1.43 (1.12)
X3_neverbalni_pamet_P1.4_HS,POČ,-13.69 (21.63),16.60 (29.01),5.66 (2.76),-2.60 (3.72)
X3_neverbalni_pamet_P1.4_HS,KOS,12.28 (13.01),-19.78 (15.68),2.84 (1.69),1.87 (2.06)
X3_neverbalni_pamet_P1.4_HS,SLO,13.26 (16.21),17.14 (22.85),2.66 (2.01),-3.17 (2.84)
X3_neverbalni_pamet_P1.4_HS,POR,18.25 (11.80),7.05 (15.74),2.10 (1.43),-1.96 (1.92)
X3_neverbalni_pamet_odd_sum,DO,-0.60 (4.61),8.86 (6.23),1.26 (0.55),-1.18 (0.75)
X3_neverbalni_pamet_odd_sum,VE,-3.70 (7.90),24.89 (11.21),1.84 (0.91),-3.28 (1.30)
X3_neverbalni_pamet_odd_sum,KOD,0.05 (3.61),5.81 (4.72),1.25 (0.43),-0.86 (0.57)
X3_neverbalni_pamet_odd_sum,PO,-11.64 (5.55),19.69 (7.69),2.53 (0.65),-2.43 (0.90)
X3_neverbalni_pamet_odd_sum,ŘO,-0.27 (3.15),3.69 (4.18),1.39 (0.33),-0.76 (0.45)
X3_neverbalni_pamet_odd_sum,POČ,-9.53 (8.01),13.91 (10.75),2.40 (1.02),-1.81 (1.38)
X3_neverbalni_pamet_odd_sum,KOS,5.96 (5.29),-6.02 (6.37),0.42 (0.69),0.82 (0.84)
X3_neverbalni_pamet_odd_sum,SLO,-0.42 (6.48),11.64 (9.13),1.34 (0.80),-1.64 (1.13)
X3_neverbalni_pamet_odd_sum,POR,4.45 (4.44),2.10 (5.92),0.69 (0.54),-0.39 (0.72)
