outcome,match,p_breusch_pagan,heteroscedasticity,n_cook,p_shapiro_wilk,nonnormality,p_durbin_watson,autocorrelation
X1_verbalni_pamet_a_uceni_pok1,DO,.182,,0,.288,,.450,
X1_verbalni_pamet_a_uceni_pok1,VE,.005,*,0,.458,,.778,
X1_verbalni_pamet_a_uceni_pok1,KOD,.021,*,0,.077,,.818,
X1_verbalni_pamet_a_uceni_pok1,PO,.333,,0,.170,,.694,
X1_verbalni_pamet_a_uceni_pok1,ŘO,.416,,0,.069,,.748,
X1_verbalni_pamet_a_uceni_pok1,POČ,.093,,0,.241,,.016,*
X1_verbalni_pamet_a_uceni_pok1,KOS,.052,,0,.312,,.042,*
X1_verbalni_pamet_a_uceni_pok1,SLO,.108,,0,.363,,.822,
X1_verbalni_pamet_a_uceni_pok1,POR,.041,*,0,.369,,.750,
X1_verbalni_pamet_a_uceni_pok2,DO,.181,,0,.256,,.154,
X1_verbalni_pamet_a_uceni_pok2,VE,.395,,0,.183,,.498,
X1_verbalni_pamet_a_uceni_pok2,KOD,.232,,0,.198,,.348,
X1_verbalni_pamet_a_uceni_pok2,PO,.787,,0,.460,,.966,
X1_verbalni_pamet_a_uceni_pok2,ŘO,.468,,0,.468,,.052,
X1_verbalni_pamet_a_uceni_pok2,POČ,.687,,0,.261,,.464,
X1_verbalni_pamet_a_uceni_pok2,KOS,.587,,0,.583,,.800,
X1_verbalni_pamet_a_uceni_pok2,SLO,.233,,0,.250,,.406,
X1_verbalni_pamet_a_uceni_pok2,POR,.955,,0,.502,,.974,
X1_verbalni_pamet_a_uceni_pok3,DO,.408,,1,.582,,.020,*
X1_verbalni_pamet_a_uceni_pok3,VE,.457,,0,.881,,.552,
X1_verbalni_pamet_a_uceni_pok3,KOD,.476,,0,.162,,.056,
X1_verbalni_pamet_a_uceni_pok3,PO,.714,,0,.234,,.806,
X1_verbalni_pamet_a_uceni_pok3,ŘO,.764,,0,.445,,.774,
X1_verbalni_pamet_a_uceni_pok3,POČ,.951,,0,.045,*,.730,
X1_verbalni_pamet_a_uceni_pok3,KOS,.997,,0,.565,,.152,
X1_verbalni_pamet_a_uceni_pok3,SLO,.157,,0,.572,,.406,
X1_verbalni_pamet_a_uceni_pok3,POR,.686,,0,.266,,.302,
X1_verbalni_pamet_a_uceni_pok4,DO,.524,,0,.025,*,.034,*
X1_verbalni_pamet_a_uceni_pok4,VE,.806,,0,.502,,.376,
X1_verbalni_pamet_a_uceni_pok4,KOD,.703,,0,.297,,.260,
X1_verbalni_pamet_a_uceni_pok4,PO,.063,,0,.197,,.126,
X1_verbalni_pamet_a_uceni_pok4,ŘO,.416,,0,.178,,.338,
X1_verbalni_pamet_a_uceni_pok4,POČ,.899,,0,.017,*,.482,
X1_verbalni_pamet_a_uceni_pok4,KOS,.211,,0,.187,,.296,
X1_verbalni_pamet_a_uceni_pok4,SLO,.813,,0,.055,,.588,
X1_verbalni_pamet_a_uceni_pok4,POR,.338,,0,.033,*,.780,
X1_verbalni_pamet_a_uceni_pok_1.4,DO,.949,,0,.225,,.006,*
X1_verbalni_pamet_a_uceni_pok_1.4,VE,.373,,0,.911,,.594,
X1_verbalni_pamet_a_uceni_pok_1.4,KOD,.660,,0,.499,,.068,
X1_verbalni_pamet_a_uceni_pok_1.4,PO,.635,,0,.552,,.446,
X1_verbalni_pamet_a_uceni_pok_1.4,ŘO,.547,,0,.236,,.676,
X1_verbalni_pamet_a_uceni_pok_1.4,POČ,.849,,0,.113,,.848,
X1_verbalni_pamet_a_uceni_pok_1.4,KOS,.820,,0,.176,,.114,
X1_verbalni_pamet_a_uceni_pok_1.4,SLO,.282,,0,.276,,.626,
X1_verbalni_pamet_a_uceni_pok_1.4,POR,.808,,0,.258,,.528,
X1_verbalni_pamet_a_uceni_opak_1.4,DO,.777,,1,< .001,*,.694,
X1_verbalni_pamet_a_uceni_opak_1.4,VE,.666,,0,< .001,*,.338,
X1_verbalni_pamet_a_uceni_opak_1.4,KOD,.107,,0,< .001,*,.640,
X1_verbalni_pamet_a_uceni_opak_1.4,PO,.217,,0,.001,*,.814,
X1_verbalni_pamet_a_uceni_opak_1.4,ŘO,.136,,0,< .001,*,.446,
X1_verbalni_pamet_a_uceni_opak_1.4,POČ,.057,,0,.002,*,.340,
X1_verbalni_pamet_a_uceni_opak_1.4,KOS,.246,,0,< .001,*,.600,
X1_verbalni_pamet_a_uceni_opak_1.4,SLO,.012,*,0,.005,*,1.000,
X1_verbalni_pamet_a_uceni_opak_1.4,POR,.032,*,0,< .001,*,.678,
X1_verbalni_pamet_a_uceni_konfab_1.4,DO,.111,,1,< .001,*,.608,
X1_verbalni_pamet_a_uceni_konfab_1.4,VE,.295,,0,< .001,*,.452,
X1_verbalni_pamet_a_uceni_konfab_1.4,KOD,.107,,0,< .001,*,.478,
X1_verbalni_pamet_a_uceni_konfab_1.4,PO,.006,*,0,< .001,*,.512,
X1_verbalni_pamet_a_uceni_konfab_1.4,ŘO,.025,*,0,< .001,*,.714,
X1_verbalni_pamet_a_uceni_konfab_1.4,POČ,.359,,0,< .001,*,.810,
X1_verbalni_pamet_a_uceni_konfab_1.4,KOS,.774,,0,< .001,*,.254,
X1_verbalni_pamet_a_uceni_konfab_1.4,SLO,.699,,0,< .001,*,.474,
X1_verbalni_pamet_a_uceni_konfab_1.4,POR,.944,,0,< .001,*,.410,
X1_verbalni_pamet_a_uceni_pok5,DO,.002,*,1,.016,*,.728,
X1_verbalni_pamet_a_uceni_pok5,VE,.307,,0,.048,*,.722,
X1_verbalni_pamet_a_uceni_pok5,KOD,.648,,0,.207,,.326,
X1_verbalni_pamet_a_uceni_pok5,PO,.856,,0,.146,,.698,
X1_verbalni_pamet_a_uceni_pok5,ŘO,.192,,0,.192,,.798,
X1_verbalni_pamet_a_uceni_pok5,POČ,.788,,0,.439,,.574,
X1_verbalni_pamet_a_uceni_pok5,KOS,.252,,0,.174,,.538,
X1_verbalni_pamet_a_uceni_pok5,SLO,.381,,0,.232,,.566,
X1_verbalni_pamet_a_uceni_pok5,POR,< .001,*,1,.006,*,.784,
X1_verbalni_pamet_a_uceni_pok6,DO,.929,,0,.060,,.588,
X1_verbalni_pamet_a_uceni_pok6,VE,.710,,0,.664,,.828,
X1_verbalni_pamet_a_uceni_pok6,KOD,.251,,0,.024,*,.106,
X1_verbalni_pamet_a_uceni_pok6,PO,.935,,0,.421,,.452,
X1_verbalni_pamet_a_uceni_pok6,ŘO,.683,,0,.316,,.592,
X1_verbalni_pamet_a_uceni_pok6,POČ,.779,,0,.081,,.790,
X1_verbalni_pamet_a_uceni_pok6,KOS,.934,,0,.169,,.518,
X1_verbalni_pamet_a_uceni_pok6,SLO,.475,,0,.121,,.484,
X1_verbalni_pamet_a_uceni_pok6,POR,.962,,0,.242,,.816,
X1_verbalni_pamet_a_uceni_pok7,DO,.292,,0,.292,,.266,
X1_verbalni_pamet_a_uceni_pok7,VE,.437,,0,.768,,.964,
X1_verbalni_pamet_a_uceni_pok7,KOD,.511,,0,.559,,.494,
X1_verbalni_pamet_a_uceni_pok7,PO,.787,,0,.448,,.764,
X1_verbalni_pamet_a_uceni_pok7,ŘO,.917,,0,.847,,.922,
X1_verbalni_pamet_a_uceni_pok7,POČ,.407,,0,.148,,.808,
X1_verbalni_pamet_a_uceni_pok7,KOS,.947,,0,.337,,.776,
X1_verbalni_pamet_a_uceni_pok7,SLO,.159,,0,.676,,.370,
X1_verbalni_pamet_a_uceni_pok7,POR,.492,,1,.581,,.346,
X1_verbalni_pamet_a_uceni_rekognice_sumHS,DO,.049,*,0,.004,*,.472,
X1_verbalni_pamet_a_uceni_rekognice_sumHS,VE,.013,*,0,.008,*,.422,
X1_verbalni_pamet_a_uceni_rekognice_sumHS,KOD,.023,*,0,.030,*,.400,
X1_verbalni_pamet_a_uceni_rekognice_sumHS,PO,.017,*,0,.002,*,.544,
X1_verbalni_pamet_a_uceni_rekognice_sumHS,ŘO,.035,*,0,< .001,*,.500,
X1_verbalni_pamet_a_uceni_rekognice_sumHS,POČ,.157,,0,.016,*,.922,
X1_verbalni_pamet_a_uceni_rekognice_sumHS,KOS,.062,,0,.002,*,1.000,
X1_verbalni_pamet_a_uceni_rekognice_sumHS,SLO,.979,,0,< .001,*,.814,
X1_verbalni_pamet_a_uceni_rekognice_sumHS,POR,.729,,0,< .001,*,.398,
X1_verbalni_pamet_a_uceni_rekog_sumSeznam1,DO,.028,*,0,.001,*,.134,
X1_verbalni_pamet_a_uceni_rekog_sumSeznam1,VE,.005,*,0,.006,*,.534,
X1_verbalni_pamet_a_uceni_rekog_sumSeznam1,KOD,.005,*,0,< .001,*,.686,
X1_verbalni_pamet_a_uceni_rekog_sumSeznam1,PO,< .001,*,0,.115,,.190,
X1_verbalni_pamet_a_uceni_rekog_sumSeznam1,ŘO,.092,,0,< .001,*,.528,
X1_verbalni_pamet_a_uceni_rekog_sumSeznam1,POČ,.086,,0,.047,*,.916,
X1_verbalni_pamet_a_uceni_rekog_sumSeznam1,KOS,.024,*,0,< .001,*,.760,
X1_verbalni_pamet_a_uceni_rekog_sumSeznam1,SLO,.038,*,0,.003,*,.552,
X1_verbalni_pamet_a_uceni_rekog_sumSeznam1,POR,.133,,0,< .001,*,.388,
X1_verbalni_pamet_a_uceni_rekog_nuc_volba,DO,< .001,*,1,< .001,*,.226,
X1_verbalni_pamet_a_uceni_rekog_nuc_volba,VE,< .001,*,0,< .001,*,.092,
X1_verbalni_pamet_a_uceni_rekog_nuc_volba,KOD,< .001,*,0,< .001,*,.140,
X1_verbalni_pamet_a_uceni_rekog_nuc_volba,PO,< .001,*,1,< .001,*,.154,
X1_verbalni_pamet_a_uceni_rekog_nuc_volba,ŘO,< .001,*,0,< .001,*,.142,
X1_verbalni_pamet_a_uceni_rekog_nuc_volba,POČ,< .001,*,1,< .001,*,.886,
X1_verbalni_pamet_a_uceni_rekog_nuc_volba,KOS,< .001,*,0,< .001,*,.126,
X1_verbalni_pamet_a_uceni_rekog_nuc_volba,SLO,< .001,*,1,< .001,*,.172,
X1_verbalni_pamet_a_uceni_rekog_nuc_volba,POR,< .001,*,0,< .001,*,.112,
X2_pamet_na_pribehy_OKAMZITE_sum_1_2,DO,.006,*,1,.003,*,.764,
X2_pamet_na_pribehy_OKAMZITE_sum_1_2,VE,< .001,*,0,< .001,*,.122,
X2_pamet_na_pribehy_OKAMZITE_sum_1_2,KOD,< .001,*,0,< .001,*,.924,
X2_pamet_na_pribehy_OKAMZITE_sum_1_2,PO,.004,*,0,< .001,*,.040,*
X2_pamet_na_pribehy_OKAMZITE_sum_1_2,ŘO,< .001,*,0,< .001,*,.004,*
X2_pamet_na_pribehy_OKAMZITE_sum_1_2,POČ,< .001,*,0,.003,*,.666,
X2_pamet_na_pribehy_OKAMZITE_sum_1_2,KOS,< .001,*,0,< .001,*,.002,*
X2_pamet_na_pribehy_OKAMZITE_sum_1_2,SLO,< .001,*,0,< .001,*,.012,*
X2_pamet_na_pribehy_OKAMZITE_sum_1_2,POR,< .001,*,1,< .001,*,.260,
X2_pamet_na_pribehy_OKAMZITE_pribeh1_ok_sum,DO,.087,,0,.021,*,.908,
X2_pamet_na_pribehy_OKAMZITE_pribeh1_ok_sum,VE,< .001,*,0,.039,*,.206,
X2_pamet_na_pribehy_OKAMZITE_pribeh1_ok_sum,KOD,.021,*,0,.009,*,.408,
X2_pamet_na_pribehy_OKAMZITE_pribeh1_ok_sum,PO,.002,*,0,.005,*,.044,*
X2_pamet_na_pribehy_OKAMZITE_pribeh1_ok_sum,ŘO,.007,*,0,< .001,*,.014,*
X2_pamet_na_pribehy_OKAMZITE_pribeh1_ok_sum,POČ,< .001,*,0,.042,*,.902,
X2_pamet_na_pribehy_OKAMZITE_pribeh1_ok_sum,KOS,< .001,*,0,.008,*,.112,
X2_pamet_na_pribehy_OKAMZITE_pribeh1_ok_sum,SLO,< .001,*,0,< .001,*,.104,
X2_pamet_na_pribehy_OKAMZITE_pribeh1_ok_sum,POR,< .001,*,1,.001,*,.908,
X2_pamet_na_pribehy_OKAMZITE_pribeh2_ok_sum,DO,< .001,*,1,.122,,.520,
X2_pamet_na_pribehy_OKAMZITE_pribeh2_ok_sum,VE,< .001,*,0,< .001,*,.474,
X2_pamet_na_pribehy_OKAMZITE_pribeh2_ok_sum,KOD,< .001,*,0,< .001,*,.360,
X2_pamet_na_pribehy_OKAMZITE_pribeh2_ok_sum,PO,< .001,*,0,< .001,*,.200,
X2_pamet_na_pribehy_OKAMZITE_pribeh2_ok_sum,ŘO,< .001,*,0,< .001,*,.110,
X2_pamet_na_pribehy_OKAMZITE_pribeh2_ok_sum,POČ,< .001,*,0,.003,*,.170,
X2_pamet_na_pribehy_OKAMZITE_pribeh2_ok_sum,KOS,< .001,*,0,< .001,*,.002,*
X2_pamet_na_pribehy_OKAMZITE_pribeh2_ok_sum,SLO,< .001,*,0,< .001,*,.008,*
X2_pamet_na_pribehy_OKAMZITE_pribeh2_ok_sum,POR,< .001,*,0,< .001,*,.064,
X2_pamet_na_pribehy_ODDALENE_sum_1_2,DO,.003,*,0,.965,,.358,
X2_pamet_na_pribehy_ODDALENE_sum_1_2,VE,< .001,*,0,.387,,.192,
X2_pamet_na_pribehy_ODDALENE_sum_1_2,KOD,< .001,*,1,.292,,.986,
X2_pamet_na_pribehy_ODDALENE_sum_1_2,PO,< .001,*,0,.984,,.816,
X2_pamet_na_pribehy_ODDALENE_sum_1_2,ŘO,< .001,*,0,.120,,.374,
X2_pamet_na_pribehy_ODDALENE_sum_1_2,POČ,< .001,*,0,.018,*,.674,
X2_pamet_na_pribehy_ODDALENE_sum_1_2,KOS,< .001,*,0,.052,,.140,
X2_pamet_na_pribehy_ODDALENE_sum_1_2,SLO,< .001,*,0,.364,,.242,
X2_pamet_na_pribehy_ODDALENE_sum_1_2,POR,< .001,*,0,.049,*,.838,
X2_pamet_na_pribehy_ODDALENE_pribeh1_odd_sum1,DO,.007,*,0,.696,,.288,
X2_pamet_na_pribehy_ODDALENE_pribeh1_odd_sum1,VE,< .001,*,0,.797,,.846,
X2_pamet_na_pribehy_ODDALENE_pribeh1_odd_sum1,KOD,.099,,0,.225,,.310,
X2_pamet_na_pribehy_ODDALENE_pribeh1_odd_sum1,PO,< .001,*,0,.435,,.410,
X2_pamet_na_pribehy_ODDALENE_pribeh1_odd_sum1,ŘO,.601,,0,.216,,.056,
X2_pamet_na_pribehy_ODDALENE_pribeh1_odd_sum1,POČ,< .001,*,0,.011,*,.652,
X2_pamet_na_pribehy_ODDALENE_pribeh1_odd_sum1,KOS,< .001,*,0,.033,*,.200,
X2_pamet_na_pribehy_ODDALENE_pribeh1_odd_sum1,SLO,.033,*,0,.160,,.508,
X2_pamet_na_pribehy_ODDALENE_pribeh1_odd_sum1,POR,.004,*,0,.854,,.770,
X2_pamet_na_pribehy_ODDALENE_pribeh2_odd_sum,DO,.020,*,1,.164,,.898,
X2_pamet_na_pribehy_ODDALENE_pribeh2_odd_sum,VE,< .001,*,0,.005,*,.018,*
X2_pamet_na_pribehy_ODDALENE_pribeh2_odd_sum,KOD,< .001,*,1,< .001,*,.140,
X2_pamet_na_pribehy_ODDALENE_pribeh2_odd_sum,PO,.020,*,0,.123,,.708,
X2_pamet_na_pribehy_ODDALENE_pribeh2_odd_sum,ŘO,< .001,*,0,< .001,*,.466,
X2_pamet_na_pribehy_ODDALENE_pribeh2_odd_sum,POČ,< .001,*,0,< .001,*,.518,
X2_pamet_na_pribehy_ODDALENE_pribeh2_odd_sum,KOS,< .001,*,0,.002,*,.770,
X2_pamet_na_pribehy_ODDALENE_pribeh2_odd_sum,SLO,< .001,*,0,< .001,*,.356,
X2_pamet_na_pribehy_ODDALENE_pribeh2_odd_sum,POR,< .001,*,0,.001,*,.484,
X4_sluchova_pozornost_sum_body,DO,.311,,0,< .001,*,.098,
X4_sluchova_pozornost_sum_body,VE,.039,*,0,< .001,*,.106,
X4_sluchova_pozornost_sum_body,KOD,.518,,0,< .001,*,.062,
X4_sluchova_pozornost_sum_body,PO,.016,*,0,< .001,*,.012,*
X4_sluchova_pozornost_sum_body,ŘO,.181,,0,< .001,*,.002,*
X4_sluchova_pozornost_sum_body,POČ,.284,,0,< .001,*,.120,
X4_sluchova_pozornost_sum_body,KOS,.705,,0,< .001,*,.010,*
X4_sluchova_pozornost_sum_body,SLO,.094,,0,< .001,*,.034,*
X4_sluchova_pozornost_sum_body,POR,.031,*,0,< .001,*,.114,
X4_sluchova_pozornost_opomenuti,DO,.363,,0,< .001,*,.274,
X4_sluchova_pozornost_opomenuti,VE,.018,*,0,< .001,*,.374,
X4_sluchova_pozornost_opomenuti,KOD,.528,,0,< .001,*,.078,
X4_sluchova_pozornost_opomenuti,PO,.028,*,0,< .001,*,.112,
X4_sluchova_pozornost_opomenuti,ŘO,.372,,0,< .001,*,.014,*
X4_sluchova_pozornost_opomenuti,POČ,.198,,0,< .001,*,.318,
X4_sluchova_pozornost_opomenuti,KOS,.678,,0,< .001,*,.036,*
X4_sluchova_pozornost_opomenuti,SLO,.033,*,0,< .001,*,.146,
X4_sluchova_pozornost_opomenuti,POR,.011,*,0,< .001,*,.186,
X4_sluchova_pozornost_zamena,DO,.008,*,0,< .001,*,.126,
X4_sluchova_pozornost_zamena,VE,.002,*,0,< .001,*,.488,
X4_sluchova_pozornost_zamena,KOD,.002,*,0,< .001,*,.866,
X4_sluchova_pozornost_zamena,PO,< .001,*,0,< .001,*,.466,
X4_sluchova_pozornost_zamena,ŘO,< .001,*,0,< .001,*,.798,
X4_sluchova_pozornost_zamena,POČ,< .001,*,0,< .001,*,.680,
X4_sluchova_pozornost_zamena,KOS,< .001,*,1,< .001,*,.436,
X4_sluchova_pozornost_zamena,SLO,< .001,*,0,< .001,*,.380,
X4_sluchova_pozornost_zamena,POR,< .001,*,0,< .001,*,.698,
X4_sluchova_pozornost_inhibice,DO,< .001,*,0,< .001,*,.086,
X4_sluchova_pozornost_inhibice,VE,< .001,*,1,< .001,*,.184,
X4_sluchova_pozornost_inhibice,KOD,< .001,*,0,< .001,*,.932,
X4_sluchova_pozornost_inhibice,PO,< .001,*,1,< .001,*,.056,
X4_sluchova_pozornost_inhibice,ŘO,< .001,*,0,< .001,*,.310,
X4_sluchova_pozornost_inhibice,POČ,< .001,*,1,< .001,*,.684,
X4_sluchova_pozornost_inhibice,KOS,< .001,*,0,< .001,*,.840,
X4_sluchova_pozornost_inhibice,SLO,< .001,*,0,< .001,*,.632,
X4_sluchova_pozornost_inhibice,POR,< .001,*,0,< .001,*,.768,
X5_zrakova_pozornost_n_hlav,DO,.112,,0,.103,,.650,
X5_zrakova_pozornost_n_hlav,VE,.035,*,0,.051,,.328,
X5_zrakova_pozornost_n_hlav,KOD,.371,,0,.021,*,.382,
X5_zrakova_pozornost_n_hlav,PO,.002,*,0,.386,,.682,
X5_zrakova_pozornost_n_hlav,ŘO,.091,,0,.055,,.662,
X5_zrakova_pozornost_n_hlav,POČ,.005,*,0,.033,*,.486,
X5_zrakova_pozornost_n_hlav,KOS,.010,*,0,.251,,.820,
X5_zrakova_pozornost_n_hlav,SLO,.017,*,0,.030,*,.714,
X5_zrakova_pozornost_n_hlav,POR,.098,,0,.057,,.596,
X5_zrakova_pozornost_n_opomenuti,DO,.024,*,0,< .001,*,.762,
X5_zrakova_pozornost_n_opomenuti,VE,.018,*,0,< .001,*,.622,
X5_zrakova_pozornost_n_opomenuti,KOD,< .001,*,0,< .001,*,.398,
X5_zrakova_pozornost_n_opomenuti,PO,< .001,*,0,< .001,*,.928,
X5_zrakova_pozornost_n_opomenuti,ŘO,< .001,*,0,< .001,*,.688,
X5_zrakova_pozornost_n_opomenuti,POČ,.950,,0,< .001,*,.928,
X5_zrakova_pozornost_n_opomenuti,KOS,< .001,*,0,< .001,*,.636,
X5_zrakova_pozornost_n_opomenuti,SLO,< .001,*,0,< .001,*,.682,
X5_zrakova_pozornost_n_opomenuti,POR,.021,*,0,< .001,*,.540,
X5_zrakova_pozornost_n_zamena,DO,.121,,0,< .001,*,.910,
X5_zrakova_pozornost_n_zamena,VE,.025,*,0,< .001,*,.430,
X5_zrakova_pozornost_n_zamena,KOD,.001,*,0,< .001,*,.468,
X5_zrakova_pozornost_n_zamena,PO,< .001,*,0,< .001,*,.754,
X5_zrakova_pozornost_n_zamena,ŘO,.002,*,0,< .001,*,.304,
X5_zrakova_pozornost_n_zamena,POČ,< .001,*,0,< .001,*,.936,
X5_zrakova_pozornost_n_zamena,KOS,.001,*,0,< .001,*,.874,
X5_zrakova_pozornost_n_zamena,SLO,.001,*,0,< .001,*,.830,
X5_zrakova_pozornost_n_zamena,POR,.068,,0,< .001,*,.508,
X7_inhibice_a_presun_pozornosti_pojm_cas,DO,.107,,0,< .001,*,.720,
X7_inhibice_a_presun_pozornosti_pojm_cas,VE,< .001,*,0,.014,*,.284,
X7_inhibice_a_presun_pozornosti_pojm_cas,KOD,< .001,*,0,< .001,*,.804,
X7_inhibice_a_presun_pozornosti_pojm_cas,PO,< .001,*,0,< .001,*,.320,
X7_inhibice_a_presun_pozornosti_pojm_cas,ŘO,< .001,*,0,< .001,*,.414,
X7_inhibice_a_presun_pozornosti_pojm_cas,POČ,< .001,*,0,< .001,*,.244,
X7_inhibice_a_presun_pozornosti_pojm_cas,KOS,< .001,*,0,< .001,*,.678,
X7_inhibice_a_presun_pozornosti_pojm_cas,SLO,< .001,*,0,< .001,*,.500,
X7_inhibice_a_presun_pozornosti_pojm_cas,POR,.001,*,0,< .001,*,.254,
X7_inhibice_a_presun_pozornosti_pojm_neopr_chyby,DO,< .001,*,0,< .001,*,.440,
X7_inhibice_a_presun_pozornosti_pojm_neopr_chyby,VE,< .001,*,0,< .001,*,.346,
X7_inhibice_a_presun_pozornosti_pojm_neopr_chyby,KOD,< .001,*,0,< .001,*,.548,
X7_inhibice_a_presun_pozornosti_pojm_neopr_chyby,PO,< .001,*,1,< .001,*,.234,
X7_inhibice_a_presun_pozornosti_pojm_neopr_chyby,ŘO,< .001,*,0,< .001,*,.262,
X7_inhibice_a_presun_pozornosti_pojm_neopr_chyby,POČ,< .001,*,0,< .001,*,.340,
X7_inhibice_a_presun_pozornosti_pojm_neopr_chyby,KOS,< .001,*,0,< .001,*,.502,
X7_inhibice_a_presun_pozornosti_pojm_neopr_chyby,SLO,< .001,*,0,< .001,*,.548,
X7_inhibice_a_presun_pozornosti_pojm_neopr_chyby,POR,< .001,*,0,< .001,*,.456,
X7_inhibice_a_presun_pozornosti_pojm_opr_chyby,DO,.042,*,0,< .001,*,.368,
X7_inhibice_a_presun_pozornosti_pojm_opr_chyby,VE,.165,,0,< .001,*,.510,
X7_inhibice_a_presun_pozornosti_pojm_opr_chyby,KOD,.002,*,0,< .001,*,.790,
X7_inhibice_a_presun_pozornosti_pojm_opr_chyby,PO,.014,*,0,< .001,*,.820,
X7_inhibice_a_presun_pozornosti_pojm_opr_chyby,ŘO,< .001,*,0,< .001,*,.274,
X7_inhibice_a_presun_pozornosti_pojm_opr_chyby,POČ,.008,*,0,< .001,*,.216,
X7_inhibice_a_presun_pozornosti_pojm_opr_chyby,KOS,< .001,*,0,< .001,*,.876,
X7_inhibice_a_presun_pozornosti_pojm_opr_chyby,SLO,.235,,0,< .001,*,.084,
X7_inhibice_a_presun_pozornosti_pojm_opr_chyby,POR,.102,,0,< .001,*,.278,
X7_inhibice_a_presun_pozornosti_pojm_sum_chyby,DO,< .001,*,0,< .001,*,.710,
X7_inhibice_a_presun_pozornosti_pojm_sum_chyby,VE,.005,*,0,< .001,*,.446,
X7_inhibice_a_presun_pozornosti_pojm_sum_chyby,KOD,< .001,*,0,< .001,*,.626,
X7_inhibice_a_presun_pozornosti_pojm_sum_chyby,PO,< .001,*,1,< .001,*,.194,
X7_inhibice_a_presun_pozornosti_pojm_sum_chyby,ŘO,< .001,*,0,< .001,*,.858,
X7_inhibice_a_presun_pozornosti_pojm_sum_chyby,POČ,.050,,0,< .001,*,.830,
X7_inhibice_a_presun_pozornosti_pojm_sum_chyby,KOS,.014,*,0,< .001,*,.474,
X7_inhibice_a_presun_pozornosti_pojm_sum_chyby,SLO,.013,*,0,< .001,*,.914,
X7_inhibice_a_presun_pozornosti_pojm_sum_chyby,POR,.025,*,0,< .001,*,.646,
X7_inhibice_a_presun_pozornosti_inhi_cas,DO,.008,*,0,< .001,*,.588,
X7_inhibice_a_presun_pozornosti_inhi_cas,VE,.001,*,0,.206,,.834,
X7_inhibice_a_presun_pozornosti_inhi_cas,KOD,.007,*,0,< .001,*,.718,
X7_inhibice_a_presun_pozornosti_inhi_cas,PO,.049,*,0,< .001,*,.200,
X7_inhibice_a_presun_pozornosti_inhi_cas,ŘO,.015,*,0,< .001,*,.858,
X7_inhibice_a_presun_pozornosti_inhi_cas,POČ,.539,,0,< .001,*,.928,
X7_inhibice_a_presun_pozornosti_inhi_cas,KOS,.006,*,0,< .001,*,.512,
X7_inhibice_a_presun_pozornosti_inhi_cas,SLO,.055,,0,< .001,*,.968,
X7_inhibice_a_presun_pozornosti_inhi_cas,POR,.009,*,1,< .001,*,.510,
X7_inhibice_a_presun_pozornosti_inhi_neopr_chyby,DO,.108,,0,< .001,*,.816,
X7_inhibice_a_presun_pozornosti_inhi_neopr_chyby,VE,< .001,*,0,< .001,*,.338,
X7_inhibice_a_presun_pozornosti_inhi_neopr_chyby,KOD,.009,*,0,< .001,*,.122,
X7_inhibice_a_presun_pozornosti_inhi_neopr_chyby,PO,.019,*,0,< .001,*,.510,
X7_inhibice_a_presun_pozornosti_inhi_neopr_chyby,ŘO,.021,*,0,< .001,*,.348,
X7_inhibice_a_presun_pozornosti_inhi_neopr_chyby,POČ,.355,,0,< .001,*,.380,
X7_inhibice_a_presun_pozornosti_inhi_neopr_chyby,KOS,.129,,0,< .001,*,.570,
X7_inhibice_a_presun_pozornosti_inhi_neopr_chyby,SLO,.172,,0,< .001,*,.208,
X7_inhibice_a_presun_pozornosti_inhi_neopr_chyby,POR,.109,,1,< .001,*,.288,
X7_inhibice_a_presun_pozornosti_inhi_opr_chyby,DO,< .001,*,0,< .001,*,.262,
X7_inhibice_a_presun_pozornosti_inhi_opr_chyby,VE,.145,,0,.005,*,.890,
X7_inhibice_a_presun_pozornosti_inhi_opr_chyby,KOD,< .001,*,0,< .001,*,.062,
X7_inhibice_a_presun_pozornosti_inhi_opr_chyby,PO,.015,*,0,.002,*,.498,
X7_inhibice_a_presun_pozornosti_inhi_opr_chyby,ŘO,< .001,*,0,< .001,*,.396,
X7_inhibice_a_presun_pozornosti_inhi_opr_chyby,POČ,.916,,0,< .001,*,.126,
X7_inhibice_a_presun_pozornosti_inhi_opr_chyby,KOS,< .001,*,0,< .001,*,.436,
X7_inhibice_a_presun_pozornosti_inhi_opr_chyby,SLO,.995,,0,< .001,*,.738,
X7_inhibice_a_presun_pozornosti_inhi_opr_chyby,POR,.002,*,0,< .001,*,.336,
X7_inhibice_a_presun_pozornosti_inhi_sum_chyby,DO,.070,,0,< .001,*,.220,
X7_inhibice_a_presun_pozornosti_inhi_sum_chyby,VE,.011,*,0,< .001,*,.274,
X7_inhibice_a_presun_pozornosti_inhi_sum_chyby,KOD,.007,*,0,< .001,*,.846,
X7_inhibice_a_presun_pozornosti_inhi_sum_chyby,PO,.303,,0,< .001,*,.640,
X7_inhibice_a_presun_pozornosti_inhi_sum_chyby,ŘO,.003,*,0,< .001,*,.786,
X7_inhibice_a_presun_pozornosti_inhi_sum_chyby,POČ,.811,,0,< .001,*,.362,
X7_inhibice_a_presun_pozornosti_inhi_sum_chyby,KOS,.072,,0,< .001,*,.650,
X7_inhibice_a_presun_pozornosti_inhi_sum_chyby,SLO,.165,,0,< .001,*,.232,
X7_inhibice_a_presun_pozornosti_inhi_sum_chyby,POR,.063,,1,< .001,*,.696,
X7_inhibice_a_presun_pozornosti_presun_cas,DO,.018,*,0,.006,*,.996,
X7_inhibice_a_presun_pozornosti_presun_cas,VE,.152,,0,.182,,.642,
X7_inhibice_a_presun_pozornosti_presun_cas,KOD,.015,*,0,< .001,*,.918,
X7_inhibice_a_presun_pozornosti_presun_cas,PO,.002,*,0,< .001,*,.296,
X7_inhibice_a_presun_pozornosti_presun_cas,ŘO,.010,*,0,.004,*,.710,
X7_inhibice_a_presun_pozornosti_presun_cas,POČ,.069,,0,< .001,*,.018,*
X7_inhibice_a_presun_pozornosti_presun_cas,KOS,.071,,0,.001,*,.518,
X7_inhibice_a_presun_pozornosti_presun_cas,SLO,.005,*,0,.014,*,.220,
X7_inhibice_a_presun_pozornosti_presun_cas,POR,.130,,0,.095,,.554,
X7_inhibice_a_presun_pozornosti_presun_neopr_chyby,DO,.593,,0,< .001,*,.266,
X7_inhibice_a_presun_pozornosti_presun_neopr_chyby,VE,.018,*,0,< .001,*,.976,
X7_inhibice_a_presun_pozornosti_presun_neopr_chyby,KOD,.068,,0,< .001,*,.492,
X7_inhibice_a_presun_pozornosti_presun_neopr_chyby,PO,< .001,*,0,< .001,*,.196,
X7_inhibice_a_presun_pozornosti_presun_neopr_chyby,ŘO,.052,,0,< .001,*,.150,
X7_inhibice_a_presun_pozornosti_presun_neopr_chyby,POČ,.001,*,0,< .001,*,.170,
X7_inhibice_a_presun_pozornosti_presun_neopr_chyby,KOS,.042,*,0,< .001,*,.362,
X7_inhibice_a_presun_pozornosti_presun_neopr_chyby,SLO,.471,,0,< .001,*,.154,
X7_inhibice_a_presun_pozornosti_presun_neopr_chyby,POR,.161,,1,< .001,*,.216,
X7_inhibice_a_presun_pozornosti_presun_opr_chyby,DO,.227,,0,< .001,*,.286,
X7_inhibice_a_presun_pozornosti_presun_opr_chyby,VE,.111,,0,< .001,*,.408,
X7_inhibice_a_presun_pozornosti_presun_opr_chyby,KOD,.109,,0,< .001,*,.512,
X7_inhibice_a_presun_pozornosti_presun_opr_chyby,PO,< .001,*,0,< .001,*,.516,
X7_inhibice_a_presun_pozornosti_presun_opr_chyby,ŘO,.072,,0,< .001,*,.292,
X7_inhibice_a_presun_pozornosti_presun_opr_chyby,POČ,.456,,0,< .001,*,.506,
X7_inhibice_a_presun_pozornosti_presun_opr_chyby,KOS,.429,,0,< .001,*,.880,
X7_inhibice_a_presun_pozornosti_presun_opr_chyby,SLO,.061,,0,< .001,*,.464,
X7_inhibice_a_presun_pozornosti_presun_opr_chyby,POR,.016,*,0,< .001,*,.632,
X7_inhibice_a_presun_pozornosti_presun_sum_chyby,DO,.727,,0,< .001,*,.206,
X7_inhibice_a_presun_pozornosti_presun_sum_chyby,VE,.039,*,0,< .001,*,.846,
X7_inhibice_a_presun_pozornosti_presun_sum_chyby,KOD,.188,,0,.108,,.784,
X7_inhibice_a_presun_pozornosti_presun_sum_chyby,PO,.008,*,0,.003,*,.160,
X7_inhibice_a_presun_pozornosti_presun_sum_chyby,ŘO,.135,,0,.044,*,.666,
X7_inhibice_a_presun_pozornosti_presun_sum_chyby,POČ,.010,*,0,.030,*,.340,
X7_inhibice_a_presun_pozornosti_presun_sum_chyby,KOS,.072,,0,.053,,.364,
X7_inhibice_a_presun_pozornosti_presun_sum_chyby,SLO,.962,,0,< .001,*,.070,
X7_inhibice_a_presun_pozornosti_presun_sum_chyby,POR,.217,,1,.002,*,.146,
X8_pracovni_pamet_sumaHS,DO,< .001,*,1,.175,,.068,
X8_pracovni_pamet_sumaHS,VE,.008,*,0,.397,,.432,
X8_pracovni_pamet_sumaHS,KOD,< .001,*,1,< .001,*,.272,
X8_pracovni_pamet_sumaHS,PO,.013,*,0,.616,,.002,*
X8_pracovni_pamet_sumaHS,ŘO,.020,*,0,.145,,.372,
X8_pracovni_pamet_sumaHS,POČ,.033,*,0,.096,,.942,
X8_pracovni_pamet_sumaHS,KOS,.014,*,0,.564,,.970,
X8_pracovni_pamet_sumaHS,SLO,.042,*,0,.637,,.074,
X8_pracovni_pamet_sumaHS,POR,< .001,*,1,.733,,.414,
X9_verbalni_fluence_K_sum,DO,.281,,0,< .001,*,.310,
X9_verbalni_fluence_K_sum,VE,.404,,0,.209,,.426,
X9_verbalni_fluence_K_sum,KOD,.252,,0,.169,,.502,
X9_verbalni_fluence_K_sum,PO,.681,,0,.050,*,.662,
X9_verbalni_fluence_K_sum,ŘO,.044,*,0,.184,,.048,*
X9_verbalni_fluence_K_sum,POČ,.883,,0,< .001,*,.844,
X9_verbalni_fluence_K_sum,KOS,.023,*,0,.200,,.048,*
X9_verbalni_fluence_K_sum,SLO,.146,,0,.167,,.092,
X9_verbalni_fluence_K_sum,POR,.158,,0,.923,,.562,
X9_verbalni_fluence_V_sum,DO,.663,,0,.024,*,.912,
X9_verbalni_fluence_V_sum,VE,.038,*,0,< .001,*,.638,
X9_verbalni_fluence_V_sum,KOD,.005,*,1,.017,*,.644,
X9_verbalni_fluence_V_sum,PO,.954,,0,.010,*,.628,
X9_verbalni_fluence_V_sum,ŘO,.330,,0,.161,,.430,
X9_verbalni_fluence_V_sum,POČ,.682,,0,.053,,.792,
X9_verbalni_fluence_V_sum,KOS,.162,,0,.031,*,.584,
X9_verbalni_fluence_V_sum,SLO,.243,,0,.022,*,.276,
X9_verbalni_fluence_V_sum,POR,.082,,0,.477,,.868,
X9_verbalni_fluence_KV_sum,DO,.328,,0,.040,*,.444,
X9_verbalni_fluence_KV_sum,VE,.299,,0,.018,*,.826,
X9_verbalni_fluence_KV_sum,KOD,.072,,0,.518,,.460,
X9_verbalni_fluence_KV_sum,PO,.779,,0,.098,,.294,
X9_verbalni_fluence_KV_sum,ŘO,.155,,0,.693,,.072,
X9_verbalni_fluence_KV_sum,POČ,1.000,,0,.019,*,.774,
X9_verbalni_fluence_KV_sum,KOS,.092,,0,.495,,.080,
X9_verbalni_fluence_KV_sum,SLO,.149,,0,.765,,.040,*
X9_verbalni_fluence_KV_sum,POR,.278,,0,.735,,.708,
X9_verbalni_fluence_zvire_sum,DO,.939,,0,.299,,.632,
X9_verbalni_fluence_zvire_sum,VE,.240,,0,.529,,.152,
X9_verbalni_fluence_zvire_sum,KOD,< .001,*,1,.303,,.194,
X9_verbalni_fluence_zvire_sum,PO,.448,,0,.360,,.154,
X9_verbalni_fluence_zvire_sum,ŘO,.022,*,1,.138,,.006,*
X9_verbalni_fluence_zvire_sum,POČ,.817,,0,.141,,.752,
X9_verbalni_fluence_zvire_sum,KOS,.281,,0,.114,,.022,*
X9_verbalni_fluence_zvire_sum,SLO,.550,,0,.918,,.528,
X9_verbalni_fluence_zvire_sum,POR,.440,,0,.212,,.208,
X9_verbalni_fluence_switch_sum,DO,.769,,0,.824,,.358,
X9_verbalni_fluence_switch_sum,VE,.095,,0,.103,,.454,
X9_verbalni_fluence_switch_sum,KOD,.880,,0,.225,,.856,
X9_verbalni_fluence_switch_sum,PO,.176,,0,.230,,.612,
X9_verbalni_fluence_switch_sum,ŘO,.208,,0,.264,,.796,
X9_verbalni_fluence_switch_sum,POČ,.583,,0,.106,,.364,
X9_verbalni_fluence_switch_sum,KOS,.464,,0,.640,,.492,
X9_verbalni_fluence_switch_sum,SLO,.287,,0,.240,,.576,
X9_verbalni_fluence_switch_sum,POR,.587,,1,.453,,.750,
X9_verbalni_fluence_switch_pocet_switch,DO,.774,,1,.321,,.428,
X9_verbalni_fluence_switch_pocet_switch,VE,.177,,0,.739,,.758,
X9_verbalni_fluence_switch_pocet_switch,KOD,.945,,0,.908,,.380,
X9_verbalni_fluence_switch_pocet_switch,PO,.134,,0,.937,,.536,
X9_verbalni_fluence_switch_pocet_switch,ŘO,.176,,0,.815,,.184,
X9_verbalni_fluence_switch_pocet_switch,POČ,.110,,0,.712,,.296,
X9_verbalni_fluence_switch_pocet_switch,KOS,.858,,0,.905,,.480,
X9_verbalni_fluence_switch_pocet_switch,SLO,.152,,0,.987,,.634,
X9_verbalni_fluence_switch_pocet_switch,POR,.207,,1,.830,,.974,
X10_konfrontacni_pojmenovani_celkem_spont,DO,.485,,0,.931,,.282,
X10_konfrontacni_pojmenovani_celkem_spont,VE,.180,,0,.323,,.304,
X10_konfrontacni_pojmenovani_celkem_spont,KOD,.103,,0,.265,,.564,
X10_konfrontacni_pojmenovani_celkem_spont,PO,.230,,0,.902,,.672,
X10_konfrontacni_pojmenovani_celkem_spont,ŘO,.956,,0,.732,,.774,
X10_konfrontacni_pojmenovani_celkem_spont,POČ,.118,,0,.098,,.744,
X10_konfrontacni_pojmenovani_celkem_spont,KOS,.616,,0,.577,,.626,
X10_konfrontacni_pojmenovani_celkem_spont,SLO,.649,,0,.823,,.938,
X10_konfrontacni_pojmenovani_celkem_spont,POR,.916,,0,.335,,.532,
X10_konfrontacni_pojmenovani_celkem_kat,DO,.034,*,0,.005,*,.886,
X10_konfrontacni_pojmenovani_celkem_kat,VE,.887,,0,< .001,*,.424,
X10_konfrontacni_pojmenovani_celkem_kat,KOD,.338,,0,.003,*,.400,
X10_konfrontacni_pojmenovani_celkem_kat,PO,.172,,0,< .001,*,.892,
X10_konfrontacni_pojmenovani_celkem_kat,ŘO,.470,,0,.018,*,.362,
X10_konfrontacni_pojmenovani_celkem_kat,POČ,.350,,0,< .001,*,.538,
X10_konfrontacni_pojmenovani_celkem_kat,KOS,.580,,0,.004,*,.026,*
X10_konfrontacni_pojmenovani_celkem_kat,SLO,.986,,0,.002,*,.112,
X10_konfrontacni_pojmenovani_celkem_kat,POR,.897,,0,< .001,*,.288,
X10_konfrontacni_pojmenovani_celkem_fon,DO,.542,,0,.431,,.816,
X10_konfrontacni_pojmenovani_celkem_fon,VE,.287,,0,.636,,.938,
X10_konfrontacni_pojmenovani_celkem_fon,KOD,.714,,0,.456,,.340,
X10_konfrontacni_pojmenovani_celkem_fon,PO,.437,,0,.309,,.404,
X10_konfrontacni_pojmenovani_celkem_fon,ŘO,.815,,0,.196,,.570,
X10_konfrontacni_pojmenovani_celkem_fon,POČ,.848,,0,.141,,.708,
X10_konfrontacni_pojmenovani_celkem_fon,KOS,.852,,0,.219,,.468,
X10_konfrontacni_pojmenovani_celkem_fon,SLO,.920,,0,.304,,.618,
X10_konfrontacni_pojmenovani_celkem_fon,POR,.816,,0,.250,,.732,
X10_konfrontacni_pojmenovani_celkem_spont.kat,DO,.777,,0,.988,,.664,
X10_konfrontacni_pojmenovani_celkem_spont.kat,VE,.114,,0,.657,,.882,
X10_konfrontacni_pojmenovani_celkem_spont.kat,KOD,.534,,0,.859,,.380,
X10_konfrontacni_pojmenovani_celkem_spont.kat,PO,.192,,0,.862,,.618,
X10_konfrontacni_pojmenovani_celkem_spont.kat,ŘO,.226,,0,.456,,.474,
X10_konfrontacni_pojmenovani_celkem_spont.kat,POČ,.040,*,0,.545,,.344,
X10_konfrontacni_pojmenovani_celkem_spont.kat,KOS,.868,,0,.856,,.148,
X10_konfrontacni_pojmenovani_celkem_spont.kat,SLO,.662,,0,.912,,.484,
X10_konfrontacni_pojmenovani_celkem_spont.kat,POR,.885,,0,.622,,.074,
X11_vybaveni_s_napovedou_sum_pojm,DO,.016,*,0,< .001,*,.206,
X11_vybaveni_s_napovedou_sum_pojm,VE,< .001,*,0,< .001,*,.714,
X11_vybaveni_s_napovedou_sum_pojm,KOD,.014,*,0,< .001,*,.842,
X11_vybaveni_s_napovedou_sum_pojm,PO,.002,*,0,.003,*,.398,
X11_vybaveni_s_napovedou_sum_pojm,ŘO,.006,*,0,< .001,*,.736,
X11_vybaveni_s_napovedou_sum_pojm,POČ,.001,*,0,.005,*,.180,
X11_vybaveni_s_napovedou_sum_pojm,KOS,< .001,*,0,.020,*,.854,
X11_vybaveni_s_napovedou_sum_pojm,SLO,< .001,*,0,.019,*,.566,
X11_vybaveni_s_napovedou_sum_pojm,POR,.006,*,0,.002,*,.504,
X11_vybaveni_s_napovedou_sum_vybav,DO,.036,*,0,< .001,*,.040,*
X11_vybaveni_s_napovedou_sum_vybav,VE,.149,,0,< .001,*,.812,
X11_vybaveni_s_napovedou_sum_vybav,KOD,.103,,0,< .001,*,.548,
X11_vybaveni_s_napovedou_sum_vybav,PO,.003,*,0,< .001,*,.566,
X11_vybaveni_s_napovedou_sum_vybav,ŘO,.027,*,0,< .001,*,.536,
X11_vybaveni_s_napovedou_sum_vybav,POČ,.012,*,0,< .001,*,.012,*
X11_vybaveni_s_napovedou_sum_vybav,KOS,.268,,0,< .001,*,.846,
X11_vybaveni_s_napovedou_sum_vybav,SLO,.002,*,0,< .001,*,.676,
X11_vybaveni_s_napovedou_sum_vybav,POR,.070,,0,< .001,*,.996,
X11_vybaveni_s_napovedou_sum_spont_vybav,DO,.143,,0,.183,,.082,
X11_vybaveni_s_napovedou_sum_spont_vybav,VE,.428,,0,.013,*,.162,
X11_vybaveni_s_napovedou_sum_spont_vybav,KOD,.891,,0,< .001,*,.006,*
X11_vybaveni_s_napovedou_sum_spont_vybav,PO,.755,,0,< .001,*,.054,
X11_vybaveni_s_napovedou_sum_spont_vybav,ŘO,.661,,0,.002,*,.274,
X11_vybaveni_s_napovedou_sum_spont_vybav,POČ,.003,*,0,.495,,.074,
X11_vybaveni_s_napovedou_sum_spont_vybav,KOS,.237,,0,.002,*,.098,
X11_vybaveni_s_napovedou_sum_spont_vybav,SLO,.704,,0,.001,*,.908,
X11_vybaveni_s_napovedou_sum_spont_vybav,POR,.470,,0,< .001,*,.684,
X11_vybaveni_s_napovedou_sum_napoveda,DO,.684,,0,.198,,.924,
X11_vybaveni_s_napovedou_sum_napoveda,VE,.030,*,0,.864,,.720,
X11_vybaveni_s_napovedou_sum_napoveda,KOD,.285,,0,.038,*,.130,
X11_vybaveni_s_napovedou_sum_napoveda,PO,.943,,0,.010,*,.120,
X11_vybaveni_s_napovedou_sum_napoveda,ŘO,.460,,0,.430,,.410,
X11_vybaveni_s_napovedou_sum_napoveda,POČ,.180,,0,.031,*,.700,
X11_vybaveni_s_napovedou_sum_napoveda,KOS,.079,,0,.323,,.206,
X11_vybaveni_s_napovedou_sum_napoveda,SLO,.159,,0,.114,,.686,
X11_vybaveni_s_napovedou_sum_napoveda,POR,.225,,0,.106,,.844,
X11_vybaveni_s_napovedou_sum_konfab,DO,.075,,0,< .001,*,.404,
X11_vybaveni_s_napovedou_sum_konfab,VE,.032,*,0,< .001,*,.856,
X11_vybaveni_s_napovedou_sum_konfab,KOD,.004,*,0,< .001,*,.804,
X11_vybaveni_s_napovedou_sum_konfab,PO,.017,*,0,< .001,*,.650,
X11_vybaveni_s_napovedou_sum_konfab,ŘO,.115,,0,< .001,*,.300,
X11_vybaveni_s_napovedou_sum_konfab,POČ,.393,,0,< .001,*,.876,
X11_vybaveni_s_napovedou_sum_konfab,KOS,.135,,0,< .001,*,.676,
X11_vybaveni_s_napovedou_sum_konfab,SLO,.011,*,0,< .001,*,.814,
X11_vybaveni_s_napovedou_sum_konfab,POR,.189,,0,< .001,*,.928,
X11_vybaveni_s_napovedou_sum_vybav_spont_napoveda,DO,.002,*,0,< .001,*,.590,
X11_vybaveni_s_napovedou_sum_vybav_spont_napoveda,VE,< .001,*,0,< .001,*,.316,
X11_vybaveni_s_napovedou_sum_vybav_spont_napoveda,KOD,.002,*,0,< .001,*,.530,
X11_vybaveni_s_napovedou_sum_vybav_spont_napoveda,PO,.203,,0,< .001,*,.930,
X11_vybaveni_s_napovedou_sum_vybav_spont_napoveda,ŘO,.004,*,0,< .001,*,.780,
X11_vybaveni_s_napovedou_sum_vybav_spont_napoveda,POČ,.024,*,0,< .001,*,.110,
X11_vybaveni_s_napovedou_sum_vybav_spont_napoveda,KOS,.006,*,0,< .001,*,.644,
X11_vybaveni_s_napovedou_sum_vybav_spont_napoveda,SLO,.006,*,0,< .001,*,.702,
X11_vybaveni_s_napovedou_sum_vybav_spont_napoveda,POR,.006,*,0,< .001,*,.810,
X12_prospektivni_pamet_pro_pa_1.8_sum,DO,.590,,0,.955,,.136,
X12_prospektivni_pamet_pro_pa_1.8_sum,VE,.215,,0,.196,,.742,
X12_prospektivni_pamet_pro_pa_1.8_sum,KOD,.445,,0,.925,,.064,
X12_prospektivni_pamet_pro_pa_1.8_sum,PO,.555,,0,.090,,.884,
X12_prospektivni_pamet_pro_pa_1.8_sum,ŘO,.711,,0,.941,,.652,
X12_prospektivni_pamet_pro_pa_1.8_sum,POČ,.668,,0,.268,,.712,
X12_prospektivni_pamet_pro_pa_1.8_sum,KOS,.638,,0,.953,,.086,
X12_prospektivni_pamet_pro_pa_1.8_sum,SLO,.425,,0,.985,,.074,
X12_prospektivni_pamet_pro_pa_1.8_sum,POR,.131,,0,.539,,.022,*
X12_prospektivni_pamet_rekogn_sum,DO,.037,*,0,< .001,*,.090,
X12_prospektivni_pamet_rekogn_sum,VE,< .001,*,0,< .001,*,.746,
X12_prospektivni_pamet_rekogn_sum,KOD,.002,*,0,< .001,*,.306,
X12_prospektivni_pamet_rekogn_sum,PO,< .001,*,0,< .001,*,.544,
X12_prospektivni_pamet_rekogn_sum,ŘO,< .001,*,0,< .001,*,.586,
X12_prospektivni_pamet_rekogn_sum,POČ,< .001,*,0,< .001,*,.212,
X12_prospektivni_pamet_rekogn_sum,KOS,< .001,*,0,< .001,*,.994,
X12_prospektivni_pamet_rekogn_sum,SLO,< .001,*,0,< .001,*,.598,
X12_prospektivni_pamet_rekogn_sum,POR,< .001,*,0,< .001,*,.120,
X13_porozumeni_pokynum_sumaHS,DO,.642,,0,.299,,.592,
X13_porozumeni_pokynum_sumaHS,VE,.315,,0,.793,,.198,
X13_porozumeni_pokynum_sumaHS,KOD,.121,,0,.005,*,.194,
X13_porozumeni_pokynum_sumaHS,PO,.016,*,0,.052,,.510,
X13_porozumeni_pokynum_sumaHS,ŘO,.027,*,0,.005,*,.394,
X13_porozumeni_pokynum_sumaHS,POČ,.068,,0,.143,,.340,
X13_porozumeni_pokynum_sumaHS,KOS,.041,*,0,.019,*,.076,
X13_porozumeni_pokynum_sumaHS,SLO,.043,*,0,.089,,.672,
X13_porozumeni_pokynum_sumaHS,POR,.294,,0,.021,*,.926,
X15_motoricka_koordinace_prava_r1_celk_cas,DO,.227,,0,< .001,*,.088,
X15_motoricka_koordinace_prava_r1_celk_cas,VE,< .001,*,1,< .001,*,.134,
X15_motoricka_koordinace_prava_r1_celk_cas,KOD,.017,*,0,< .001,*,.418,
X15_motoricka_koordinace_prava_r1_celk_cas,PO,.005,*,0,< .001,*,.336,
X15_motoricka_koordinace_prava_r1_celk_cas,ŘO,< .001,*,0,< .001,*,.400,
X15_motoricka_koordinace_prava_r1_celk_cas,POČ,.010,*,0,< .001,*,.040,*
X15_motoricka_koordinace_prava_r1_celk_cas,KOS,< .001,*,0,< .001,*,.546,
X15_motoricka_koordinace_prava_r1_celk_cas,SLO,.023,*,0,< .001,*,.680,
X15_motoricka_koordinace_prava_r1_celk_cas,POR,.530,,1,< .001,*,.408,
X15_motoricka_koordinace_prava_r2_celk_cas,DO,.064,,0,< .001,*,.862,
X15_motoricka_koordinace_prava_r2_celk_cas,VE,.007,*,1,< .001,*,.834,
X15_motoricka_koordinace_prava_r2_celk_cas,KOD,.073,,0,< .001,*,.848,
X15_motoricka_koordinace_prava_r2_celk_cas,PO,.040,*,0,< .001,*,.832,
X15_motoricka_koordinace_prava_r2_celk_cas,ŘO,.021,*,0,< .001,*,.650,
X15_motoricka_koordinace_prava_r2_celk_cas,POČ,.087,,0,< .001,*,.566,
X15_motoricka_koordinace_prava_r2_celk_cas,KOS,.014,*,0,< .001,*,.494,
X15_motoricka_koordinace_prava_r2_celk_cas,SLO,.030,*,0,< .001,*,.686,
X15_motoricka_koordinace_prava_r2_celk_cas,POR,.073,,1,< .001,*,.854,
X15_motoricka_koordinace_prava_r3_celk_cas,DO,.047,*,0,< .001,*,.820,
X15_motoricka_koordinace_prava_r3_celk_cas,VE,.110,,0,< .001,*,.658,
X15_motoricka_koordinace_prava_r3_celk_cas,KOD,.120,,0,< .001,*,.914,
X15_motoricka_koordinace_prava_r3_celk_cas,PO,.012,*,0,.001,*,.654,
X15_motoricka_koordinace_prava_r3_celk_cas,ŘO,.017,*,0,< .001,*,.376,
X15_motoricka_koordinace_prava_r3_celk_cas,POČ,.045,*,0,.001,*,.738,
X15_motoricka_koordinace_prava_r3_celk_cas,KOS,.031,*,0,.001,*,.234,
X15_motoricka_koordinace_prava_r3_celk_cas,SLO,.038,*,0,.003,*,.382,
X15_motoricka_koordinace_prava_r3_celk_cas,POR,.123,,1,< .001,*,.578,
X15_motoricka_koordinace_prava_r4_celk_cas,DO,.112,,0,< .001,*,.816,
X15_motoricka_koordinace_prava_r4_celk_cas,VE,.672,,0,< .001,*,.504,
X15_motoricka_koordinace_prava_r4_celk_cas,KOD,.092,,0,< .001,*,.956,
X15_motoricka_koordinace_prava_r4_celk_cas,PO,.006,*,0,< .001,*,.640,
X15_motoricka_koordinace_prava_r4_celk_cas,ŘO,.022,*,0,< .001,*,.446,
X15_motoricka_koordinace_prava_r4_celk_cas,POČ,.046,*,0,< .001,*,.928,
X15_motoricka_koordinace_prava_r4_celk_cas,KOS,.045,*,0,< .001,*,.170,
X15_motoricka_koordinace_prava_r4_celk_cas,SLO,.072,,0,< .001,*,.346,
X15_motoricka_koordinace_prava_r4_celk_cas,POR,.131,,1,< .001,*,.472,
X15_motoricka_koordinace_leva_r1_celk_cas,DO,.214,,0,< .001,*,.102,
X15_motoricka_koordinace_leva_r1_celk_cas,VE,.014,*,0,.002,*,.550,
X15_motoricka_koordinace_leva_r1_celk_cas,KOD,.091,,0,< .001,*,.958,
X15_motoricka_koordinace_leva_r1_celk_cas,PO,.013,*,0,.004,*,.622,
X15_motoricka_koordinace_leva_r1_celk_cas,ŘO,.140,,0,< .001,*,.540,
X15_motoricka_koordinace_leva_r1_celk_cas,POČ,.022,*,0,< .001,*,.822,
X15_motoricka_koordinace_leva_r1_celk_cas,KOS,.103,,0,< .001,*,.734,
X15_motoricka_koordinace_leva_r1_celk_cas,SLO,.128,,0,< .001,*,.310,
X15_motoricka_koordinace_leva_r1_celk_cas,POR,.244,,1,< .001,*,.850,
X15_motoricka_koordinace_leva_r2_celk_cas,DO,.001,*,0,< .001,*,.408,
X15_motoricka_koordinace_leva_r2_celk_cas,VE,< .001,*,0,.010,*,.390,
X15_motoricka_koordinace_leva_r2_celk_cas,KOD,.066,,0,< .001,*,.394,
X15_motoricka_koordinace_leva_r2_celk_cas,PO,.012,*,0,< .001,*,.970,
X15_motoricka_koordinace_leva_r2_celk_cas,ŘO,.009,*,0,< .001,*,.534,
X15_motoricka_koordinace_leva_r2_celk_cas,POČ,.093,,0,< .001,*,.820,
X15_motoricka_koordinace_leva_r2_celk_cas,KOS,.072,,0,< .001,*,.158,
X15_motoricka_koordinace_leva_r2_celk_cas,SLO,.009,*,0,< .001,*,.300,
X15_motoricka_koordinace_leva_r2_celk_cas,POR,.038,*,1,.005,*,.766,
X15_motoricka_koordinace_leva_r3_celk_cas,DO,.001,*,0,< .001,*,.374,
X15_motoricka_koordinace_leva_r3_celk_cas,VE,< .001,*,0,< .001,*,.278,
X15_motoricka_koordinace_leva_r3_celk_cas,KOD,.022,*,0,< .001,*,.364,
X15_motoricka_koordinace_leva_r3_celk_cas,PO,< .001,*,0,< .001,*,.386,
X15_motoricka_koordinace_leva_r3_celk_cas,ŘO,< .001,*,0,< .001,*,.546,
X15_motoricka_koordinace_leva_r3_celk_cas,POČ,.005,*,0,< .001,*,.494,
X15_motoricka_koordinace_leva_r3_celk_cas,KOS,.005,*,0,< .001,*,.278,
X15_motoricka_koordinace_leva_r3_celk_cas,SLO,< .001,*,0,< .001,*,.322,
X15_motoricka_koordinace_leva_r3_celk_cas,POR,.005,*,1,< .001,*,.672,
X15_motoricka_koordinace_leva_r4_celk_cas,DO,< .001,*,0,< .001,*,.522,
X15_motoricka_koordinace_leva_r4_celk_cas,VE,< .001,*,0,< .001,*,.224,
X15_motoricka_koordinace_leva_r4_celk_cas,KOD,.014,*,0,< .001,*,.420,
X15_motoricka_koordinace_leva_r4_celk_cas,PO,< .001,*,0,< .001,*,.576,
X15_motoricka_koordinace_leva_r4_celk_cas,ŘO,< .001,*,0,< .001,*,.608,
X15_motoricka_koordinace_leva_r4_celk_cas,POČ,.011,*,0,< .001,*,.712,
X15_motoricka_koordinace_leva_r4_celk_cas,KOS,< .001,*,0,< .001,*,.412,
X15_motoricka_koordinace_leva_r4_celk_cas,SLO,< .001,*,0,< .001,*,.498,
X15_motoricka_koordinace_leva_r4_celk_cas,POR,< .001,*,1,< .001,*,.556,
X16_zrakove_motoricka_presnost_chyba_vyjeti_sum,DO,< .001,*,0,< .001,*,.400,
X16_zrakove_motoricka_presnost_chyba_vyjeti_sum,VE,.003,*,0,< .001,*,.378,
X16_zrakove_motoricka_presnost_chyba_vyjeti_sum,KOD,< .001,*,0,< .001,*,.942,
X16_zrakove_motoricka_presnost_chyba_vyjeti_sum,PO,< .001,*,0,.002,*,.510,
X16_zrakove_motoricka_presnost_chyba_vyjeti_sum,ŘO,< .001,*,0,< .001,*,.198,
X16_zrakove_motoricka_presnost_chyba_vyjeti_sum,POČ,< .001,*,0,< .001,*,.168,
X16_zrakove_motoricka_presnost_chyba_vyjeti_sum,KOS,< .001,*,0,< .001,*,.052,
X16_zrakove_motoricka_presnost_chyba_vyjeti_sum,SLO,< .001,*,0,.002,*,.316,
X16_zrakove_motoricka_presnost_chyba_vyjeti_sum,POR,< .001,*,0,< .001,*,.704,
X16_zrakove_motoricka_presnost_chyba_preruseni_linky,DO,.192,,0,< .001,*,.212,
X16_zrakove_motoricka_presnost_chyba_preruseni_linky,VE,< .001,*,0,< .001,*,.462,
X16_zrakove_motoricka_presnost_chyba_preruseni_linky,KOD,.138,,0,< .001,*,.954,
X16_zrakove_motoricka_presnost_chyba_preruseni_linky,PO,.091,,0,< .001,*,.798,
X16_zrakove_motoricka_presnost_chyba_preruseni_linky,ŘO,.174,,0,< .001,*,.394,
X16_zrakove_motoricka_presnost_chyba_preruseni_linky,POČ,.155,,0,< .001,*,.880,
X16_zrakove_motoricka_presnost_chyba_preruseni_linky,KOS,.155,,0,< .001,*,.958,
X16_zrakove_motoricka_presnost_chyba_preruseni_linky,SLO,.405,,0,< .001,*,.982,
X16_zrakove_motoricka_presnost_chyba_preruseni_linky,POR,.078,,0,< .001,*,.668,
X16_zrakove_motoricka_presnost_chyba_otoceni_papiru,DO,.007,*,0,< .001,*,.460,
X16_zrakove_motoricka_presnost_chyba_otoceni_papiru,VE,< .001,*,0,< .001,*,.822,
X16_zrakove_motoricka_presnost_chyba_otoceni_papiru,KOD,.879,,0,< .001,*,.462,
X16_zrakove_motoricka_presnost_chyba_otoceni_papiru,PO,< .001,*,0,< .001,*,.378,
X16_zrakove_motoricka_presnost_chyba_otoceni_papiru,ŘO,.009,*,0,< .001,*,.542,
X16_zrakove_motoricka_presnost_chyba_otoceni_papiru,POČ,.367,,0,< .001,*,.588,
X16_zrakove_motoricka_presnost_chyba_otoceni_papiru,KOS,.027,*,0,< .001,*,.648,
X16_zrakove_motoricka_presnost_chyba_otoceni_papiru,SLO,.155,,0,< .001,*,.428,
X16_zrakove_motoricka_presnost_chyba_otoceni_papiru,POR,.449,,0,< .001,*,.318,
X16_zrakove_motoricka_presnost_cas_adm_sek,DO,.085,,0,.010,*,.374,
X16_zrakove_motoricka_presnost_cas_adm_sek,VE,.707,,0,.005,*,.636,
X16_zrakove_motoricka_presnost_cas_adm_sek,KOD,.021,*,0,.015,*,.852,
X16_zrakove_motoricka_presnost_cas_adm_sek,PO,.041,*,0,.044,*,.238,
X16_zrakove_motoricka_presnost_cas_adm_sek,ŘO,.003,*,0,.292,,.536,
X16_zrakove_motoricka_presnost_cas_adm_sek,POČ,< .001,*,0,.734,,.828,
X16_zrakove_motoricka_presnost_cas_adm_sek,KOS,.010,*,0,.097,,.632,
X16_zrakove_motoricka_presnost_cas_adm_sek,SLO,< .001,*,0,.104,,.288,
X16_zrakove_motoricka_presnost_cas_adm_sek,POR,.016,*,0,.017,*,.688,
X17_zrakove_vnimani_sum_spravne,DO,.359,,0,.129,,.916,
X17_zrakove_vnimani_sum_spravne,VE,< .001,*,0,.049,*,.432,
X17_zrakove_vnimani_sum_spravne,KOD,.124,,0,.087,,.624,
X17_zrakove_vnimani_sum_spravne,PO,.014,*,0,.261,,.928,
X17_zrakove_vnimani_sum_spravne,ŘO,.016,*,0,.311,,.776,
X17_zrakove_vnimani_sum_spravne,POČ,.035,*,0,.089,,.688,
X17_zrakove_vnimani_sum_spravne,KOS,.897,,0,.027,*,.626,
X17_zrakove_vnimani_sum_spravne,SLO,.524,,0,.142,,.564,
X17_zrakove_vnimani_sum_spravne,POR,.593,,0,.027,*,.688,
X17_zrakove_vnimani_cas_adm_sek,DO,.100,,0,.068,,.252,
X17_zrakove_vnimani_cas_adm_sek,VE,.051,,0,.052,,.196,
X17_zrakove_vnimani_cas_adm_sek,KOD,.256,,0,.006,*,.850,
X17_zrakove_vnimani_cas_adm_sek,PO,.175,,0,.003,*,.464,
X17_zrakove_vnimani_cas_adm_sek,ŘO,.134,,0,.078,,.732,
X17_zrakove_vnimani_cas_adm_sek,POČ,.229,,0,.056,,.504,
X17_zrakove_vnimani_cas_adm_sek,KOS,.091,,0,.380,,.438,
X17_zrakove_vnimani_cas_adm_sek,SLO,.044,*,0,.574,,.920,
X17_zrakove_vnimani_cas_adm_sek,POR,.129,,0,.298,,.984,
X18_zrakove_prostorove_vnimani_sum_body,DO,.489,,0,.966,,.530,
X18_zrakove_prostorove_vnimani_sum_body,VE,.479,,0,.826,,.102,
X18_zrakove_prostorove_vnimani_sum_body,KOD,.124,,0,.290,,.066,
X18_zrakove_prostorove_vnimani_sum_body,PO,.503,,0,.823,,.272,
X18_zrakove_prostorove_vnimani_sum_body,ŘO,.289,,0,.991,,.170,
X18_zrakove_prostorove_vnimani_sum_body,POČ,.067,,0,.775,,.986,
X18_zrakove_prostorove_vnimani_sum_body,KOS,.949,,0,.905,,.012,*
X18_zrakove_prostorove_vnimani_sum_body,SLO,.970,,0,.990,,.978,
X18_zrakove_prostorove_vnimani_sum_body,POR,.667,,1,.755,,.042,*
X19_orientace_v_prostoru_sum_body,DO,.597,,0,.033,*,.888,
X19_orientace_v_prostoru_sum_body,VE,.548,,0,.017,*,.740,
X19_orientace_v_prostoru_sum_body,KOD,.508,,0,.003,*,.426,
X19_orientace_v_prostoru_sum_body,PO,.383,,0,.044,*,.092,
X19_orientace_v_prostoru_sum_body,ŘO,.317,,0,.002,*,.236,
X19_orientace_v_prostoru_sum_body,POČ,.646,,0,.004,*,.260,
X19_orientace_v_prostoru_sum_body,KOS,.209,,0,.002,*,.552,
X19_orientace_v_prostoru_sum_body,SLO,.339,,0,.180,,.638,
X19_orientace_v_prostoru_sum_body,POR,.737,,0,.115,,.634,
X19_orientace_v_prostoru_cas_adm_sek,DO,< .001,*,0,< .001,*,.010,*
X19_orientace_v_prostoru_cas_adm_sek,VE,< .001,*,0,< .001,*,.220,
X19_orientace_v_prostoru_cas_adm_sek,KOD,.001,*,0,< .001,*,.036,*
X19_orientace_v_prostoru_cas_adm_sek,PO,< .001,*,0,< .001,*,.198,
X19_orientace_v_prostoru_cas_adm_sek,ŘO,.006,*,0,< .001,*,.022,*
X19_orientace_v_prostoru_cas_adm_sek,POČ,< .001,*,1,< .001,*,.514,
X19_orientace_v_prostoru_cas_adm_sek,KOS,< .001,*,0,< .001,*,.040,*
X19_orientace_v_prostoru_cas_adm_sek,SLO,< .001,*,0,< .001,*,.074,
X19_orientace_v_prostoru_cas_adm_sek,POR,< .001,*,0,< .001,*,.038,*
X20_rozpoznavani_emoci_suma_body,DO,.078,,0,.578,,.752,
X20_rozpoznavani_emoci_suma_body,VE,.476,,0,.256,,.340,
X20_rozpoznavani_emoci_suma_body,KOD,.410,,0,.162,,.180,
X20_rozpoznavani_emoci_suma_body,PO,.477,,0,.477,,.332,
X20_rozpoznavani_emoci_suma_body,ŘO,.097,,0,.154,,.026,*
X20_rozpoznavani_emoci_suma_body,POČ,.940,,0,.252,,.524,
X20_rozpoznavani_emoci_suma_body,KOS,.370,,0,.317,,.184,
X20_rozpoznavani_emoci_suma_body,SLO,.247,,0,.368,,.112,
X20_rozpoznavani_emoci_suma_body,POR,.432,,0,.043,*,.230,
X21_teorie_mysli_sum_body,DO,.295,,0,.719,,.662,
X21_teorie_mysli_sum_body,VE,.403,,0,.840,,.300,
X21_teorie_mysli_sum_body,KOD,.195,,1,.068,,.332,
X21_teorie_mysli_sum_body,PO,.074,,0,.602,,.490,
X21_teorie_mysli_sum_body,ŘO,.209,,0,.110,,.816,
X21_teorie_mysli_sum_body,POČ,.610,,0,.261,,.142,
X21_teorie_mysli_sum_body,KOS,.916,,0,.392,,.216,
X21_teorie_mysli_sum_body,SLO,.589,,0,.902,,.320,
X21_teorie_mysli_sum_body,POR,.455,,1,.155,,.956,
X3_neverbalni_pamet_P1.4_HS,DO,.455,,0,.036,*,.632,
X3_neverbalni_pamet_P1.4_HS,VE,.374,,0,.279,,.808,
X3_neverbalni_pamet_P1.4_HS,KOD,.222,,0,.790,,.502,
X3_neverbalni_pamet_P1.4_HS,PO,.200,,0,.107,,.550,
X3_neverbalni_pamet_P1.4_HS,ŘO,.488,,0,.030,*,.454,
X3_neverbalni_pamet_P1.4_HS,POČ,.948,,0,.159,,.604,
X3_neverbalni_pamet_P1.4_HS,KOS,.116,,0,.560,,.886,
X3_neverbalni_pamet_P1.4_HS,SLO,.993,,0,.225,,.722,
X3_neverbalni_pamet_P1.4_HS,POR,.901,,0,.309,,.456,
X3_neverbalni_pamet_odd_sum,DO,.800,,0,.002,*,.774,
X3_neverbalni_pamet_odd_sum,VE,.561,,0,.387,,.956,
X3_neverbalni_pamet_odd_sum,KOD,.257,,0,.104,,.754,
X3_neverbalni_pamet_odd_sum,PO,.879,,0,.005,*,.682,
X3_neverbalni_pamet_odd_sum,ŘO,.706,,0,.049,*,.946,
X3_neverbalni_pamet_odd_sum,POČ,.927,,0,.068,,.652,
X3_neverbalni_pamet_odd_sum,KOS,.055,,0,.600,,.604,
X3_neverbalni_pamet_odd_sum,SLO,.156,,0,.004,*,.864,
X3_neverbalni_pamet_odd_sum,POR,.573,,0,.004,*,.994,
